;skew;kurtosis;sigma_theta_mean;sigma_theta_median;sigma_theta_low5;sigma_theta_high95;beta_mean;beta_median;beta_low5;beta_high95;sector;Retail %
MMM;-0.42325927599732216;1.077.209.469.901.390;20.424.633;20.453.696;0.5292604595422745;3.541.719.126.701.350;0.68771404;0.6856855;0.5662661552429199;0.8187398791313171;Industrials;36.30
AOS;0.3419544982394658;704.472.146.953.465;2.057.916;20.671.587;0.5442855030298234;357.221.143.245.697;0.5343936;0.5286087;0.3769565477967262;0.7121017277240753;Industrials;0.38
ABT;0.04490939084196752;912.616.293.017.564;206.085;20.526.004;0.5445834845304489;358.102.136.850.357;0.6454916;0.64203525;0.5139731496572495;0.7888249009847641;Health Care;22.48
ABBV;-0.8650910789502768;16.970.581.245.568.500;20.772.834;2.069.392;0.5922581315040588;3.589.617.335.796.350;0.7701676;0.7715453;0.667095747590065;0.8686369389295577;Health Care;28.03
ACN;0.15354823357522002;9.144.010.829.244.320;20.405.953;20.374.393;0.5418000042438507;35.592.047.929.763.700;0.6475537;0.6438767;0.5148363918066025;0.7928531527519226;Information Technology;21.76
ADBE;-0.38740842299668116;10.349.896.014.257.900;20.616.589;2.064.079;0.522392812371254;3.583.303.821.086.880;0.67699534;0.67354095;0.5567317932844162;0.8073000639677048;Information Technology;15.35
AMD;0.33995739322092117;5.830.564.806.921.020;2.070.257;20.768.366;0.5508635431528092;3.590.749.061.107.630;0.41888556;0.41159946;0.24167793318629266;0.6196573853492735;Information Technology;26.54
AES;-0.4083224323705789;11.140.447.878.498.300;20.533.082;20.499.701;0.553868564963341;35.636.576.294.898.900;0.69525987;0.6929184;0.5765871375799179;0.8210196703672409;Utilities;3.73
AFL;0.7846979407931312;4.112.492.229.814.040;208.291;20.776.472;0.5691616207361221;35.948.680.043.220.500;0.84759235;0.85033965;0.7937294721603394;0.8914006888866425;Financials;29.67
A;-0.13935377430396786;7.223.955.957.858.740;20.528.247;20.454.726;0.532987278699875;35.884.415.388.107.200;0.5500999;0.5448461;0.3939858004450798;0.7242675572633742;Health Care;6.66
APD;-0.7738362047648335;162.504.555.229.028;20.726.502;2.074.216;0.5537484765052796;35.782.120.585.441.500;0.76442933;0.7659517;0.6599235892295837;0.8636272609233856;Materials;15.38
ABNB;0.22197382574303134;461.764.882.117.825;20.396.647;20.450.773;0.504366484284401;35.943.340.778.350.800;0.26194784;0.24628691;0.12586980387568475;0.46008251011371604;Consumer Discretionary;12.94
AKAM;0.044602052466344556;12.595.923.982.966.100;20.580.106;2.046.243;0.551273536682129;35.961.843.252.181.900;0.7294961;0.72867036;0.6243103235960007;0.8406909614801407;Information Technology;0.00
ALB;-0.40435959900615304;6.757.119.865.706.820;2.049.698;20.451.927;0.5233683794736862;35.926.830.053.329.400;0.5121194;0.5062269;0.3404218554496765;0.705412197113037;Materials;4.38
ARE;-0.1919836343064808;13.834.292.235.062.800;20.677.588;20.650.847;0.5703047603368759;3.568.737.602.233.880;0.7452326;0.74570537;0.6419190734624862;0.8470496028661728;Real Estate;0.00
ALGN;0.350816825521415;2.067.323.541.836.340;20.786.388;20.714.574;0.5820594072341919;3.599.308.049.678.800;0.80421346;0.8073317;0.7192305207252503;0.8802999883890151;Health Care;3.91
ALLE;-0.16650006060357644;9.685.605.443.628.070;20.462.575;20.468.216;0.539172649383545;3.572.733.461.856.840;0.6615215;0.6586003;0.5368027567863465;0.7999762177467347;Industrials;0.50
LNT;-0.04325017938258499;9.744.812.330.342.960;20.306.926;20.085.826;0.5078700423240662;35.801.742.672.920.200;0.6665853;0.6640684;0.5404060631990433;0.8033586859703064;Utilities;18.82
ALL;-0.8044659283559812;12.585.234.951.988.400;20.494.661;20.663.261;0.52215935587883;35.439.778.089.523.300;0.7174048;0.71718705;0.5990736484527588;0.8369847983121871;Financials;21.76
GOOGL;-0.0537898044640333;6.894.683.676.230.780;20.431.247;20.365.415;0.5381459683179856;3.569.675.457.477.560;0.5298542;0.5259299;0.3671292200684548;0.7073778897523877;Communication Services;23.45
GOOG;-0.03807911409135226;69.762.408.393.175.400;20.587.294;20.678.031;0.5508430063724518;35.580.489.754.676.800;0.5346865;0.5293594;0.37455364465713503;0.713527113199234;Communication Services;23.45
MO;-0.7506108971989246;9.093.395.057.167.180;20.429.738;2.042.808;0.5266558319330216;35.726.512.432.098.300;0.63155764;0.6308867;0.4842213988304138;0.7834247767925262;Consumer Staples;39.61
AMZN;0.07162538259795034;6.930.892.041.066.620;20.503.817;20.617.723;0.5305197566747666;35.471.531.629.562.300;0.53203845;0.5254874;0.371991853415966;0.7151494592428207;Consumer Discretionary;26.94
AMCR;-0.010797835150338414;18.307.671.455.333.000;2.075.149;2.058.779;0.5902794480323792;3.582.773.888.111.110;0.7895631;0.7916614;0.701529735326767;0.8721994072198868;Materials;38.74
AEE;0.025671658905406486;23.791.116.001.530.900;2.074.895;20.660.026;0.5683462500572206;3.607.386.922.836.300;0.8169063;0.8206562;0.7379966825246811;0.8834214359521866;Utilities;19.93
AAL;14.447.900.878.584.500;22.152.773.281.808.300;20.975.184;21.012.044;0.5917242795228959;35.941.663.265.228.200;0.80786175;0.8115691;0.7176585763692855;0.8843114167451859;Industrials;45.44
AEP;-0.039810489902257475;13.571.545.009.604.200;2.073.484;2.050.229;0.5891114681959152;36.015.498.399.734.400;0.74361026;0.74333394;0.6406809359788894;0.848296746611595;Utilities;22.50
AXP;12.210.804.375.571.600;2.191.383.345.357.750;20.799.994;20.910.172;0.5509349435567856;35.993.584.394.454.900;0.8080388;0.8121551;0.7186307430267334;0.8840554088354111;Financials;13.22
AIG;-0.44739601712272276;16.031.575.751.745.900;2.061.457;2.055.725;0.5400393962860107;3.573.340.284.824.360;0.76690906;0.7673564;0.669084894657135;0.8627268344163894;Financials;6.19
AMT;0.1954216860866159;11.387.419.801.289.500;2.053.995;2.051.781;0.5485282331705094;35.626.467.347.145.000;0.7065242;0.7048929;0.5911313354969024;0.8284506052732468;Real Estate;4.47
AWK;0.192391556496432;16.360.485.591.395.600;20.580.401;206.837;0.5556152105331421;35.593.518.257.141.100;0.77619445;0.77835083;0.6796330571174621;0.8671126812696457;Utilities;7.00
AMP;0.15232340354968862;22.386.387.740.220.400;20.940.657;2.082.111;0.5863068401813507;362.142.208.814.621;0.8114777;0.8146498;0.730121237039566;0.8823509037494659;Financials;12.78
AME;-0.4952014723713163;2.199.516.404.445.440;21.075.132;21.090.217;0.6017051249742509;36.051.769.614.219.600;0.804952;0.80818033;0.717216894030571;0.8814527034759522;Industrials;9.51
AMGN;0.4202875216783088;9.136.343.519.552.930;20.466.669;20.516.238;0.5340978145599365;3.551.440.346.240.990;0.64373153;0.6393572;0.5062755018472671;0.793126207590103;Health Care;21.02
APH;-0.46679242451205516;9.915.831.035.992.070;20.596.664;20.570.474;0.5354648351669312;3.587.791.609.764.090;0.66244763;0.66082966;0.5339301645755767;0.79784115254879;Information Technology;0.78
ADI;-0.10834779604734246;9.743.642.014.897.680;20.521.247;2.048.851;0.53689503967762;35.620.247.602.462.700;0.6634361;0.6599492;0.5387336432933807;0.7999551862478256;Information Technology;10.03
ANSS;0.5535337923584974;10.880.205.256.110.900;20.598.648;20.512.564;0.547178715467453;3.573.601.961.135.860;0.69141686;0.68946266;0.5681515514850617;0.8222453206777571;Information Technology;6.75
AON;-0.2619801077836392;18.857.992.299.657.000;20.831.008;20.800.762;0.5752058953046799;35.796.352.982.521.000;0.7907823;0.79331183;0.6993020623922348;0.8741310685873032;Financials;17.74
APA;-1.048.631.724.342.130;28.579.414.760.157.300;20.656.214;20.554.538;0.5801438987255096;3.567.431.581.020.350;0.8236976;0.82846427;0.7431349754333496;0.888058739900589;Energy;26.61
AAPL;-0.02274876238482255;7.964.729.896.673.410;20.451.121;20.262.845;0.5435165196657181;35.617.462.635.040.200;0.595029;0.59114325;0.4523413524031639;0.7526330053806304;Information Technology;37.70
AMAT;-0.1989802115629723;6.441.459.582.098.080;20.341.644;202.955;0.510059016942978;35.569.568.872.451.700;0.48885342;0.48448524;0.3106494054198265;0.685627156496048;Information Technology;15.77
APTV;-0.8484214181523424;19.254.088.852.383.900;20.825.274;2.079.051;0.575051087141037;35.716.457.366.943.300;0.78700143;0.7895983;0.6898549497127533;0.8760952353477478;Consumer Discretionary;3.35
ACGL;-0.3270397338454606;14.792.549.288.803.900;20.677.385;20.713.382;0.5681703001260758;35.614.490.032.196.000;0.7555767;0.7567766;0.6537428170442581;0.8546014219522475;Financials;6.97
ADM;-18.197.049.854.223.700;279.049.602.179.013;20.983.186;20.987.213;0.6086898744106293;3.582.049.477.100.370;0.81715626;0.82139945;0.7344042152166367;0.8860279589891433;Consumer Staples;13.35
ANET;-0.16948189941160152;14.121.050.865.717.300;2.055.274;20.469.565;0.5493123382329941;3.567.941.081.523.890;0.7494869;0.7490355;0.6476148396730423;0.8523965716362;Information Technology;12.01
AJG;-0.6811134241106819;17.448.878.122.061;20.717.356;20.679.998;0.5522729754447937;35.777.722.358.703.500;0.77616584;0.7781911;0.6772781193256379;0.8674846768379211;Financials;12.34
AIZ;-0.7018458675551464;20.443.876.648.187.400;20.560.715;20.421.333;0.5668021708726882;35.799.108.147.621.100;0.79683274;0.80064726;0.7032443165779114;0.877174499630928;Financials;0.00
T;-0.2718498960041022;10.310.416.368.382.600;2.063.085;20.679.965;0.5483721196651459;35.413.507.223.129.200;0.67782956;0.67566407;0.5566475361585617;0.807607039809227;Communication Services;41.56
ATO;0.40906923762483616;17.911.840.899.089.800;20.869.458;20.814.333;0.6007417291402817;35.941.153.049.468.900;0.7876573;0.788933;0.6974155962467193;0.872402036190033;Utilities;5.05
ADSK;0.11954851181678529;9.205.111.886.063;2.051.975;20.561.085;0.5309455513954163;3.570.217.955.112.450;0.647832;0.64535916;0.5144570142030715;0.7920952290296555;Information Technology;7.19
ADP;-0.4615085305372058;15.062.519.342.039.800;2.060.534;20.602.474;0.5553169906139375;3.579.602.015.018.460;0.75693434;0.75809735;0.6521451711654663;0.858322525024414;Industrials;19.04
AZO;-102.798.134.994.768;15.702.130.015.994.200;20.644.488;20.690.484;0.5924384742975235;35.793.804.645.538.300;0.7577263;0.7600429;0.645882460474968;0.86280018389225;Consumer Discretionary;2.59
AVB;-0.29660553821907704;1.620.848.650.895.120;20.568.092;20.576.105;0.5723951071500779;357.612.544.298.172;0.7706339;0.7723058;0.6739960074424743;0.8633055806159973;Real Estate;5.74
AVY;0.861111919913371;2.088.249.321.239.330;20.938.973;20.999.975;0.583709642291069;35.755.523.920.059.200;0.8045205;0.80846786;0.7169974088668823;0.8801999092102051;Materials;4.61
AXON;1.082.643.799.531.040;1.506.399.791.854.660;20.750.396;20.792.577;0.5643820255994797;3.589.638.543.128.960;0.7554485;0.7569792;0.6423591405153275;0.8639901727437973;Industrials;14.12
BKR;0.03567494142886992;11.513.942.476.575.500;20.639.532;20.680.394;0.5266137450933457;35.786.815.404.891.900;0.70947254;0.70782864;0.5978009641170502;0.8278215199708938;Energy;4.12
BALL;-0.056344600637555906;13.770.057.069.673.900;20.627.704;2.058.332;0.5515585005283355;358.246.179.819.107;0.74610484;0.74687636;0.6432342976331711;0.8498207002878189;Materials;10.92
BAC;0.394191225481528;13.691.190.428.963.600;207.836;20.853.677;0.5685186803340913;3.591.958.451.271.050;0.7445598;0.74469346;0.6382701516151428;0.8517084419727325;Financials;26.84
BK;-0.13965873802446468;12.840.025.511.821.600;20.613.155;20.601.053;0.5443934917449951;35.681.794.762.611.300;0.7313563;0.7311819;0.6236483663320541;0.8408173024654388;Financials;11.43
BBWI;12.841.344.069.381.600;21.788.107.241.571.600;20.973.155;2.108.222;0.5926459461450577;3.580.445.849.895.470;0.80614644;0.80985844;0.7173247128725052;0.8827429741621017;Consumer Discretionary;2.92
BAX;-0.9877785026693292;12.899.904.770.399.000;20.646.784;20.524.251;0.5666769832372666;3.588.789.093.494.410;0.72133523;0.72188497;0.5964028388261795;0.843334773182869;Health Care;8.36
BDX;-0.5486205370439746;11.000.355.623.342.900;20.679.438;20.712.519;0.563424837589264;3.590.115.320.682.520;0.6892842;0.68784946;0.5701157063245773;0.8161500930786133;Health Care;11.59
BBY;0.05918038212735134;9.448.042.222.061.170;20.563.986;20.454.895;0.5170968443155289;35.902.011.632.919.300;0.65567636;0.65123415;0.5287494450807572;0.7981552660465238;Consumer Discretionary;7.82
BIO;0.02011794147679407;9.865.059.029.504.230;20.648.391;2.062.253;0.5426331430673599;35.676.711.320.877.000;0.66890025;0.6655755;0.5446212500333786;0.8045103818178176;Health Care;1.25
TECH;0.24820682638357466;592.298.071.330.849;20.507.147;20.561.643;0.5042970538139343;35.793.700.456.619.200;0.4330166;0.4233555;0.25534565895795824;0.637571758031845;Health Care;0.00
BLK;0.16280065373661406;11.222.866.616.938.600;20.596.964;2.051.563;0.5407304883003236;35.934.580.683.708.100;0.70428216;0.7033187;0.5911365330219269;0.826073095202446;Financials;10.24
BX;-0.04728267366704748;9.171.270.625.620.420;2.054.795;20.617.008;0.550826832652092;3.576.225.459.575.650;0.64658314;0.64351565;0.5173381567001343;0.7880617171525955;Financials;34.14
BA;0.2525265699115517;15.916.303.289.004.000;2.057.748;2.059.894;0.5473007321357728;357.825.493.812.561;0.7718998;0.77279675;0.6743489384651185;0.8649511009454727;Industrials;34.36
BKNG;0.2061431348217609;10.072.817.514.981.000;20.573.804;20.631.735;0.558986109495163;35.436.062.932.014.400;0.67391086;0.6716852;0.5494143068790436;0.8057388931512832;Consumer Discretionary;3.37
BWA;-0.22835570162406715;6.529.771.618.407.200;20.351.558;20.434.396;0.5210964649915695;3.555.371.880.531.310;0.49806088;0.49264178;0.3234720915555954;0.6926668524742126;Consumer Discretionary;0.00
BXP;0.31421394227507055;13.885.794.647.132.000;20.571.535;20.602.102;0.5653672367334366;3.559.060.037.136.070;0.74848694;0.7494306;0.6408972322940827;0.8528250843286515;Real Estate;0.00
BSX;-0.509372339029317;9.022.394.918.309.730;2.039.777;20.459.628;0.5017900675535202;35.649.992.942.810.000;0.63449764;0.6312261;0.49302158802747725;0.7851328134536742;Health Care;6.49
BMY;-0.8846515061171294;1.067.169.750.216.750;20.605.195;20.580.812;0.5625644862651826;35.777.423.501.014.700;0.675253;0.6752511;0.5374361962080002;0.8163532853126526;Health Care;19.47
AVGO;-0.3548805411726956;11.566.034.191.613.400;20.501.304;20.535.998;0.5431542992591858;35.725.076.675.415.000;0.70618296;0.7043206;0.5929252803325653;0.8271670043468475;Information Technology;19.80
BR;0.15700858959073907;10.848.083.891.499.800;20.562.718;20.571.163;0.5423307925462723;3.571.694.016.456.600;0.6951054;0.6927023;0.5793357282876969;0.8216214954853057;Industrials;10.30
BRO;-0.3950812544410778;1.136.572.693.496.990;20.516.546;20.484.831;0.5503066331148148;35.768.484.115.600.500;0.70045197;0.6997508;0.5839063853025437;0.8230398595333099;Financials;10.50
BLDR;0.17634614101562895;11.120.311.877.262.800;20.648.127;20.632.684;0.5371776103973389;35.588.930.964.469.900;0.70062214;0.69846034;0.5866651922464371;0.8221508741378784;Industrials;1.68
BG;-0.3423059624488815;958.495.909.054.831;20.532.773;2.060.756;0.5327337980270386;35.801.463.603.973.300;0.6559001;0.6545644;0.5267720937728881;0.791557544469833;Consumer Staples;8.43
CDNS;0.28242647479601474;76.611.903.469.384.900;20.636.985;20.688.238;0.5296453505754471;35.857.981.801.033.000;0.57832015;0.5725759;0.42824846506118774;0.7465915769338608;Information Technology;10.82
CZR;0.3263235338854569;21.356.230.359.815.000;2.075.478;20.845.644;0.5712106853723526;3.562.778.913.974.760;0.8075981;0.8100492;0.7244333267211914;0.8823514908552169;Consumer Discretionary;3.65
CPT;-0.5742358537064387;16.466.093.564.693.000;2.062.615;20.547.838;0.5591964334249496;3.596.097.457.408.900;0.76966995;0.7720498;0.6680536389350892;0.8640473008155822;Real Estate;0.00
CPB;-0.17920818875383807;11.564.014.343.311.100;20.740.445;20.795.548;0.5517023295164108;3.586.403.858.661.650;0.7075676;0.7056528;0.5947046458721161;0.8276675403118133;Consumer Staples;10.22
COF;-0.13318224857500713;14.498.388.116.176.700;20.661.337;20.703.197;0.5596325904130935;35.749.005.913.734.400;0.75563085;0.7562605;0.6547689437866211;0.855046060681343;Financials;7.86
CAH;-10.003.845.585.235.300;17.099.841.024.264.700;20.625.675;20.630.093;0.5611864238977432;35.633.752.465.248.100;0.77003765;0.77213895;0.6639074832201004;0.8671411156654357;Health Care;8.22
KMX;-0.5979299869313007;14.292.716.272.001.900;20.677.536;20.628.557;0.5650982141494751;3.573.037.028.312.680;0.74592453;0.7470211;0.6395964473485947;0.8487317889928817;Consumer Discretionary;0.00
CCL;-0.0912509691137319;1.633.027.194.347.030;20.635.364;2.057.375;0.5848386347293854;35.573.448.777.198.700;0.7736247;0.77469623;0.6803334712982178;0.8654937237501144;Consumer Discretionary;28.54
CARR;15.159.503.087.537.200;20.889.186.754.611.200;2.084.383;20.956.357;0.5536183774471283;3.575.912.284.851.070;0.7999928;0.8038578;0.7028921157121658;0.8821573138237;Industrials;6.39
CTLT;-11.479.170.079.910.400;20.582.958.379.099.600;20.771.554;20.658.298;0.5791316777467728;35.841.534.137.725.800;0.79183465;0.7949681;0.6944703549146652;0.8781148225069046;Health Care;0.00
CAT;-0.268859395209248;686.898.365.537.171;2.052.815;20.572.338;0.5269132226705552;3.577.101.719.379.420;0.52435344;0.5184667;0.3553702548146248;0.7110859811305998;Industrials;26.01
CBOE;-0.508605374431241;1.362.916.362.453.150;20.680.895;20.701.017;0.5653456151485443;35.857.619.285.583.400;0.7379201;0.73768806;0.6296590387821197;0.8445476531982421;Financials;14.08
CBRE;0.16209862706781691;12.801.594.349.549.900;20.608.096;20.531.194;0.5556205451488495;35.793.731.331.825.200;0.7326749;0.7332118;0.6257369577884674;0.8429992139339445;Real Estate;0.00
CDW;-0.33029601184428936;11.340.251.571.727.300;20.627.918;20.586.796;0.5449359089136124;35.818.827.986.717.200;0.7020768;0.7006735;0.5874914169311524;0.8219049990177154;Information Technology;2.35
CE;-0.38015102656723543;9.715.318.217.289.230;2.041.777;20.404.892;0.5425834506750107;35.818.165.898.323.000;0.6595416;0.65745676;0.529102024435997;0.7975654572248458;Materials;0.00
COR;0.2534893986065693;9.500.239.425.146.020;2.044.684;2.042.362;0.5203418642282487;3.569.477.677.345.270;0.65795434;0.6551007;0.5280638128519058;0.7994509279727936;Health Care;0.67
CNC;0.27056962731282325;9.156.907.360.728.630;20.567.675;20.563.126;0.5384779691696168;3.546.673.965.454.100;0.64455813;0.64072835;0.5116714358329773;0.7915613114833832;Health Care;1.22
CNP;-0.7511248928587455;2.883.771.644.635.860;21.011.128;2.102.778;0.5872278124094009;3.579.931.676.387.780;0.82670313;0.830638;0.7498762309551239;0.8887073755264282;Utilities;7.08
CF;-0.09775765823676658;68.842.226.427.697.400;20.685.902;20.704.978;0.5409093290567398;3.588.802.254.199.980;0.52775496;0.52367973;0.3657250672578812;0.7081300675868986;Materials;1.25
CHRW;-0.9101268461744617;12.392.388.333.296.100;20.600.286;20.643.547;0.5492242306470871;35.790.476.799.011.200;0.71241057;0.71171176;0.5879025638103486;0.837488842010498;Industrials;0.00
CRL;-0.30017891554334714;8.794.248.864.897.020;20.591.629;20.482.862;0.5460686326026917;35.935.573.220.252.900;0.62766707;0.62380856;0.4934612333774567;0.776842138171196;Health Care;0.00
SCHW;0.1727919220156043;9.879.939.270.631.260;2.031.309;20.250.373;0.5229713171720505;35.645.645.976.066.500;0.67061514;0.66794384;0.5445322751998901;0.8062202602624892;Financials;11.38
CHTR;-0.7753984987503623;13.371.800.218.002.300;20.814.943;20.763.936;0.5856530368328096;35.772.038.459.777.800;0.72974503;0.73008764;0.6151418149471283;0.8429748415946959;Communication Services;0.00
CVX;-0.25204075406010945;25.774.258.784.020.600;20.714.755;20.522.838;0.5807647079229356;3.576.803.612.709.040;0.821928;0.82574075;0.7436198621988297;0.8861918866634368;Energy;25.35
CMG;14.120.410.135.313.200;1.833.498.951.149.050;20.789.824;20.647.593;0.5788970619440079;3.616.960.561.275.480;0.78390497;0.78828686;0.6773099303245544;0.8762576371431351;Consumer Discretionary;6.69
CB;-0.6189514919439774;14.115.664.392.989.300;20.669.966;20.692.413;0.5491897106170655;3.609.008.920.192.710;0.7428956;0.74311185;0.6351085573434829;0.8508174687623977;Financials;13.81
CHD;-0.01887752646703397;13.193.974.721.494.300;20.677.147;20.657.735;0.5726085186004639;3.586.666.631.698.600;0.73799825;0.7373704;0.634921881556511;0.8441727191209792;Consumer Staples;28.57
CI;0.11229515715784529;1.400.876.054.894.230;2.073.662;20.802.689;0.5721788555383683;3.583.945.202.827.450;0.7496218;0.7500621;0.6480077594518662;0.8520940244197845;Health Care;6.52
CINF;0.07279994046758387;14.708.619.281.298.900;20.747.285;2.083.472;0.5713718324899674;3.587.090.361.118.310;0.7573623;0.75766516;0.6568521231412887;0.8556264042854308;Financials;29.64
CTAS;-0.32131570873749726;1.643.547.792.877.490;20.524.447;20.418.148;0.5568407833576202;3.589.460.015.296.930;0.7719785;0.7731736;0.6725712656974793;0.8647651582956314;Industrials;20.28
CSCO;-0.5016506875327862;13.580.834.769.453.800;20.752.265;20.741.687;0.581681951880455;35.977.910.161.018.300;0.73628664;0.7365204;0.6277547389268875;0.8440268933773041;Information Technology;24.17
C;0.056193281961015876;1.552.820.183.479.310;2.071.767;207.338;0.5596180677413941;35.777.793.645.858.700;0.7675486;0.76834965;0.6701843559741973;0.8624325364828109;Financials;26.04
CFG;-0.174845569977031;1.296.022.160.849.910;20.582.237;20.682.583;0.5550533533096313;35.589.588.165.283.100;0.73362595;0.7332016;0.6261019498109818;0.8424390792846679;Financials;1.60
CLX;-0.3768253596385944;13.844.085.448.083.400;2.060.673;2.059.991;0.5385302662849426;35.619.301.557.540.800;0.74243975;0.7418076;0.6383403062820434;0.8471909463405608;Consumer Staples;18.69
CME;-0.9576800079561664;22.165.036.417.025.400;20.723.624;20.800.638;0.6083111107349396;3.554.767.298.698.420;0.8014661;0.80523455;0.7096400320529938;0.8792909115552902;Financials;9.61
CMS;-0.07163646762827923;14.624.459.840.823.400;2.069.817;20.633.616;0.5680354714393616;35.770.711.183.547.900;0.7563904;0.75713307;0.656772467494011;0.8556085050106048;Utilities;3.16
KO;-0.72677428530657;12.201.470.411.235.900;20.673.575;2.063.919;0.5681586325168609;35.718.508.481.979.300;0.71197426;0.7122854;0.591069558262825;0.8333877235651016;Consumer Staples;28.55
CTSH;-0.5040466028432236;16.542.783.511.797.300;20.590.763;2.049.643;0.5904133319854736;35.662.412.643.432.600;0.7710778;0.77332526;0.6709413677453995;0.8643538773059845;Information Technology;4.86
CL;0.21361345997127762;15.050.719.405.748.000;20.629.141;2.048.698;0.561227747797966;3.584.877.991.676.320;0.76272166;0.76378214;0.6651432871818542;0.8607377529144287;Consumer Staples;18.69
CMCSA;-0.06544870367023613;859.535.322.645.011;20.536.232;2.060.462;0.5536652475595475;35.603.901.386.260.900;0.6234828;0.6192078;0.48945583701133727;0.772221380472183;Communication Services;12.46
CMA;-0.5678654894985501;1.522.413.185.399.350;20.436.196;2.037.836;0.5513008832931519;35.425.343.632.698.000;0.7574081;0.75786436;0.6558610200881958;0.8576880425214767;Financials;16.51
CAG;-0.36598309681647256;1.861.070.595.400.800;20.763.378;20.718.603;0.5930740177631378;35.834.619.522.094.700;0.7884101;0.79082656;0.6973828434944153;0.8724051117897034;Consumer Staples;13.33
COP;0.02121499187948712;17.102.557.898.576.300;2.066.896;20.702.267;0.5679364562034608;35.743.992.447.853.000;0.7811229;0.78362894;0.6870191156864166;0.8690831005573273;Energy;16.10
ED;0.27722125798888475;2.640.258.297.982.460;20.941.124;20.929.513;0.594151583313942;3.598.739.862.442.010;0.8250004;0.82914364;0.7501683920621872;0.885912561416626;Utilities;32.40
STZ;-0.2105044330845087;18.456.206.578.799.100;20.819.445;20.712.852;0.5885870963335037;36.038.227.796.554.500;0.7889046;0.7916398;0.6981181591749192;0.871826609969139;Consumer Staples;8.57
CEG;11.326.399.234.258.700;10.183.130.627.406.600;20.616.152;20.782.738;0.5339899659156799;35.512.059.569.358.800;0.6547548;0.6528592;0.5045296162366867;0.8121176213026046;Utilities;15.83
COO;-0.2696417757233815;10.692.750.004.521.100;20.619.867;2.059.676;0.5685311138629914;3.579.441.154.003.140;0.68642545;0.684751;0.5667756497859955;0.8109630554914474;Health Care;3.64
CPRT;-0.12367121455932327;12.997.136.110.598.400;20.536.575;20.452.788;0.549818754196167;35.892.163.276.672.300;0.7344524;0.73358035;0.6291450053453446;0.8422163009643554;Industrials;8.15
GLW;0.13605245204500774;11.950.197.353.048.400;20.701.995;20.691.295;0.5501579463481904;35.816.658.258.438.100;0.71820116;0.71723;0.6066683560609818;0.8336436927318572;Information Technology;20.13
CPAY;0.3156036768585867;9.784.780.793.769.780;2.046.278;20.548.553;0.5613017201423646;35.635.931.849.479.600;0.66677725;0.66458595;0.5364582896232605;0.8065168052911758;Financials;0.38
CTVA;0.2647697038537026;12.556.161.157.111.400;20.550.027;20.562.444;0.5550180137157441;35.647.251.844.406.100;0.72899216;0.72989434;0.6182977288961411;0.8400657594203949;Materials;16.38
CSGP;0.5209464435450548;11.376.608.449.317.900;20.671.167;2.076.054;0.5549722731113435;35.884.511.470.794.600;0.70414597;0.7030293;0.5838050574064255;0.830109378695488;Real Estate;0.00
COST;-0.2539147409930579;11.809.053.175.861.200;2.063.991;20.616.336;0.5776875406503678;35.583.996.891.975.300;0.7117069;0.7099658;0.5981247901916504;0.8288880765438079;Consumer Staples;29.91
CTRA;0.2013093758180495;6.948.089.155.847.270;20.467.687;20.438.142;0.5256209969520569;3.575.389.218.330.380;0.531783;0.5256094;0.3730448305606842;0.7130304276943206;Energy;8.43
CCI;0.028314058610333218;8.912.619.660.567.300;20.482.848;20.355.883;0.5041919827461243;3.595.259.606.838.220;0.6377027;0.632941;0.5041745275259018;0.7879086166620253;Real Estate;6.59
CSX;-0.08928374374946017;15.358.843.020.828.500;20.684.707;20.694.132;0.5462931632995607;35.774.648.070.335.300;0.7648923;0.76598364;0.6668100446462631;0.8620747148990631;Industrials;23.90
CMI;0.7131752110758696;17.470.631.317.256.400;208.816;20.946.145;0.5510803163051605;36.026.031.374.931.300;0.782456;0.78531694;0.6837966680526734;0.8729823768138885;Industrials;11.35
CVS;-0.39716292313018187;9.586.707.109.429.960;20.501.208;20.386.348;0.5476835817098618;35.774.251.461.029.000;0.65426236;0.6533402;0.5252657979726791;0.7893699884414672;Health Care;17.68
DHR;0.1549960394409141;7.321.826.194.806.310;20.502.212;2.051.533;0.5284021526575089;357.175.668.478.012;0.55939275;0.5543726;0.40386940240859986;0.7336227476596832;Health Care;7.46
DRI;0.817144204713258;3.454.779.213.728.310;20.758.626;20.767.257;0.5720207512378693;3.590.574.991.703.030;0.840329;0.84370816;0.7786987870931625;0.8906177967786789;Consumer Discretionary;2.68
DVA;-13.335.759.003.045.500;22.631.045.561.995.700;20.830.445;2.078.606;0.6124339729547501;3.553.088.283.538.810;0.80103564;0.80493975;0.7075861126184464;0.8813679933547973;Health Care;3.22
DAY;-0.1366114465666789;6.055.632.280.057.470;20.577.636;20.553.584;0.5512194991111755;3.602.062.690.258.020;0.44886798;0.44141057;0.2682556137442589;0.6520330339670181;Industrials;2.11
DECK;0.2440851101191689;10.450.622.541.098.600;20.601.203;20.549.302;0.5476499617099762;3.560.987.079.143.520;0.6850188;0.68161243;0.5650211304426194;0.8168246001005172;Consumer Discretionary;0.57
DE;-0.302840463308266;8.591.864.112.239.160;20.490.623;20.474.277;0.5404906660318375;35.677.257.299.423.200;0.62033504;0.61639225;0.48287215977907183;0.7751558393239975;Industrials;22.84
DAL;-0.1794954916271629;15.933.804.398.077.600;2.073.897;2.072.207;0.5576606065034867;35.967.491.626.739.400;0.76863045;0.76941884;0.6707825094461441;0.8601723283529281;Industrials;
DVN;-0.4081920089462907;14.937.071.894.502.500;20.657.828;20.535.216;0.5556537061929703;36.140.353.322.029.100;0.75582033;0.75693405;0.6529718726873398;0.8551633685827253;Energy;
DXCM;11.928.577.215.177.600;16.099.627.230.717.600;20.697.668;2.073.594;0.5572732627391815;3.591.336.238.384.240;0.7665824;0.7692962;0.656423208117485;0.8696844905614852;Health Care;
FANG;-0.736980916926856;26.370.143.642.537.800;20.888.348;20.957.737;0.5734771937131882;35.857.630.729.675.200;0.82059765;0.82545054;0.7389048784971237;0.8873163223266601;Energy;
DLR;0.1080238217163331;8.762.915.841.740.680;20.577.888;20.608.683;0.5126266986131669;35.894.389.629.364.000;0.63238066;0.62923694;0.4971241742372513;0.7815194457769393;Real Estate;
DFS;-0.4983382384250729;22.993.766.438.842.600;20.993.474;20.954.065;0.6130946785211563;35.712.751.269.340.400;0.80990595;0.8131605;0.725668340921402;0.8830994367599487;Financials;
DG;-0.7564379178105063;20.578.810.737.693.500;20.928.922;20.904.765;0.598229530453682;3.590.902.996.063.230;0.79511696;0.7977017;0.7021470963954926;0.8777810603380203;Consumer Staples;
DLTR;-0.3616830138742867;2.167.387.518.579.030;20.893.548;20.873.728;0.5679432392120362;35.725.630.521.774.200;0.8050698;0.80805314;0.7175108224153519;0.8810868918895721;Consumer Staples;
D;0.039570941068722665;199.654.582.749.469;205.968;2.053.543;0.5704321682453155;35.841.042.399.406.400;0.80016476;0.8032471;0.7140037208795548;0.877323117852211;Utilities;
DPZ;14.727.269.230.616.000;2.397.179.371.968.870;207.813;20.769.227;0.5670054972171784;35.807.213.068.008.400;0.81506777;0.81944835;0.729887917637825;0.88604536652565;Consumer Discretionary;
DOV;-0.39100359463368844;14.860.680.476.512.000;20.700.886;20.671.072;0.5584031224250794;357.956.564.426.422;0.7556429;0.7561166;0.6522872060537338;0.8578108638525009;Industrials;
DOW;-0.4157270373275358;17.003.148.539.658.700;2.070.071;20.758.328;0.5538129925727845;35.788.383.722.305.200;0.7755299;0.77855855;0.6779110312461853;0.8657335489988327;Materials;
DHI;-0.262609312819133;9.806.571.890.588.540;20.598.028;20.523.744;0.5494867354631425;3.582.976.341.247.550;0.66328347;0.65965754;0.5392444133758545;0.7994421690702437;Consumer Discretionary;
DTE;-0.5638078185148344;1.991.357.004.686.780;20.676.415;20.578.814;0.5688951760530472;35.842.503.905.296.300;0.79483086;0.79786336;0.7024847090244293;0.876913297176361;Utilities;
DUK;0.14129850244447656;1.678.901.208.612.090;20.569.923;2.029.546;0.5717079788446426;35.660.787.940.025.300;0.7788296;0.7799578;0.6858219742774964;0.8681179970502854;Utilities;
DD;0.203080954367921;1.154.957.525.228.810;2.062.561;2.059.229;0.5531961590051651;35.887.451.887.130.700;0.71136475;0.7106629;0.593413969874382;0.8300005137920379;Materials;
EMN;-0.3369084712381502;877.768.067.253.574;20.426.333;2.046.319;0.5295370310544968;35.873.037.695.884.600;0.62819195;0.6250034;0.48960861563682556;0.7771093934774398;Materials;
ETN;0.7596113208092957;21.112.984.502.263.700;2.083.233;21.011.014;0.573378336429596;3.565.291.631.221.770;0.80664426;0.81047684;0.7187302589416504;0.8822972446680069;Industrials;
EBAY;-0.1480447629328111;7.690.109.167.551.590;20.587.714;2.056.666;0.5338135898113251;35.797.744.154.930.100;0.5796662;0.5750127;0.4301120415329933;0.7424952387809752;Consumer Discretionary;
ECL;0.66932898388237;23.699.985.577.884.800;20.911.913;20.872.421;0.6013176590204239;36.002.059.102.058.400;0.81716526;0.8200377;0.7375355511903763;0.8856046497821808;Materials;
EIX;-0.32043488156700056;149.966.428.240.294;2.058.668;20.464.897;0.552456483244896;35.797.955.870.628.300;0.7578872;0.7584888;0.6598977357149124;0.8564112514257431;Utilities;
EW;-0.19473274281979078;11.910.848.779.658.300;2.049.427;20.461.473;0.549952945113182;35.569.961.905.479.400;0.7148239;0.71352905;0.6043468952178955;0.8323385566473007;Health Care;
EA;0.08839230076744858;11.324.442.603.287.800;20.725.904;2.067.998;0.572794908285141;3.576.333.141.326.900;0.7055326;0.703944;0.5916127383708953;0.825712913274765;Communication Services;
ELV;0.12485349022071378;14.200.121.448.155.500;2.087.183;20.847.988;0.5849486440420151;3.585.944.521.427.150;0.75196135;0.7514578;0.6513812839984894;0.8544550985097884;Health Care;
LLY;13.224.272.406.835.200;14.747.022.143.258.400;20.724.473;2.071.786;0.5574232757091522;3.591.265.249.252.310;0.7483821;0.7510705;0.6265671581029892;0.8624148190021514;Health Care;
EMR;-0.4445912804015379;1.816.588.524.260.520;20.883.472;20.957.654;0.5829892694950104;3.567.771.565.914.150;0.7837714;0.7862816;0.6900005072355271;0.8721350640058517;Industrials;
ENPH;0.81512993186887;11.991.830.553.899.300;20.601.368;20.550.752;0.5426182746887207;3.572.200.036.048.880;0.7115896;0.71159804;0.5863089621067047;0.8393306881189346;Information Technology;
ETR;-0.3320106175063517;1.968.198.836.735.170;20.780.575;20.807.133;0.5604700982570648;358.917.623.758.316;0.79504716;0.79799044;0.7055873036384582;0.8763962388038635;Utilities;
EOG;-0.6169420129581886;16.356.136.903.782.900;20.744.102;2.067.943;0.580628988146782;3.593.532.371.520.990;0.76698095;0.76707685;0.668065395951271;0.8631943255662918;Energy;
EPAM;-17.070.307.627.679.000;4.035.972.880.244.970;20.706.997;20.710.096;0.5581947028636932;35.764.837.384.223.900;0.8406479;0.8445786;0.7779812216758728;0.8907860010862351;Information Technology;
EQT;0.9432417594708983;12.303.352.440.985.900;2.059.167;2.067.134;0.5572685092687607;3.571.954.905.986.780;0.71513873;0.71561813;0.585665562748909;0.8418760687112807;Energy;
EFX;0.04353791974608371;9.952.941.353.607.360;20.545;20.513.966;0.5450301289558411;35.611.040.830.612.100;0.67142785;0.66816974;0.550406488776207;0.8039548128843308;Industrials;
EQIX;0.12483849485215591;7.858.326.141.297.780;20.384.483;20.257.416;0.5381933093070984;35.648.170.590.400.600;0.5906393;0.5858654;0.4438182577490807;0.7517956852912903;Real Estate;
EQR;0.003359641332791472;14.995.262.068.037.700;20.723.596;20.716.267;0.5536108464002609;35.893.507.361.412.000;0.7615608;0.7626085;0.663861745595932;0.8577492445707321;Real Estate;
ESS;-0.5613403663106811;15.805.854.974.854.400;20.593.355;20.624.037;0.5630045384168625;3.568.065.679.073.330;0.7637979;0.7646281;0.6602751910686493;0.8626641541719436;Real Estate;
EL;-0.5614110238793416;12.638.156.940.125.300;20.729.856;20.692.306;0.5509578913450242;36.047.747.492.790.200;0.7215214;0.7210969;0.607584097981453;0.8371303230524062;Consumer Staples;
ETSY;0.4918439642453514;8.070.824.158.827.870;20.397.482;20.471.418;0.5138313412666321;35.741.376.161.575.300;0.59534246;0.59022295;0.44663145840168;0.7647652387619018;Consumer Discretionary;
EG;-0.23700314102652242;10.284.995.659.354.900;2.055.226;20.410.929;0.5536148577928544;36.094.252.109.527.500;0.67750585;0.67514384;0.5557287484407425;0.8049701839685438;Financials;
EVRG;-0.251160598862139;25.947.043.708.923.300;2.077.088;2.088.729;0.5753246665000916;3.566.100.656.986.230;0.8229791;0.82713294;0.7455683767795562;0.8869179248809814;Utilities;
ES;0.24026083792454664;17.095.355.054.425.800;20.725.274;20.761.185;0.5690158486366272;3.546.157.383.918.760;0.7811701;0.783702;0.6883881241083145;0.867769381403923;Utilities;
EXC;0.2897371064373184;24.431.026.429.431.300;2.088.655;20.894.256;0.5974417209625245;36.043.159.961.700.400;0.81977147;0.82280266;0.7438219577074051;0.8847547143697738;Utilities;
EXPE;-0.33941101598133117;18.578.089.971.878.100;20.796.292;20.878.847;0.5652373343706132;3.568.954.920.768.730;0.78809893;0.7902648;0.6956356465816498;0.8738457947969436;Consumer Discretionary;
EXPD;0.03306732471357791;9.043.672.351.255.670;2.060.277;20.789.304;0.5440715640783311;3.550.284.457.206.720;0.6427566;0.6397603;0.5109621912240982;0.7882455050945282;Industrials;
EXR;-0.4517808503317068;11.228.929.007.227.800;20.482.662;20.311.735;0.5570826500654221;3.569.428.765.773.770;0.69748586;0.69624686;0.5781372725963593;0.8228257119655608;Real Estate;
XOM;0.04044938714918684;8.181.193.720.788.610;20.471.296;20.510.154;0.5392117500305176;35.595.409.035.682.600;0.6067397;0.60325766;0.46623572558164594;0.7631146371364593;Energy;
FFIV;-0.41958544792910785;77.222.829.594.295.000;20.559.826;20.612.445;0.5390855222940445;3.563.166.141.510.000;0.5773333;0.57511127;0.42192760556936265;0.7430816978216171;Information Technology;
FDS;0.2010241233389927;13.760.430.510.515.600;20.763.495;20.757.353;0.5715597450733185;35.743.894.457.817.000;0.74595886;0.74535286;0.6424130856990814;0.8495238482952118;Financials;
FICO;12.793.497.263.094.200;2.755.043.866.403.240;2.096.731;20.976.982;0.5719328850507737;35.837.521.433.830.200;0.8270677;0.83131695;0.7535431027412415;0.8881254464387893;Information Technology;
FAST;0.6634454093874737;13.299.901.317.607.500;20.615.249;20.647.311;0.535755079984665;3.576.706.159.114.830;0.736972;0.7367897;0.6252607494592667;0.8520250797271728;Industrials;
FRT;14.125.858.833.334.600;49.801.595.837.877.000;20.811.493;20.819.237;0.5939025700092316;3.581.974.840.164.180;0.85220784;0.8540977;0.8053551375865936;0.8920872151851654;Real Estate;
FDX;-0.7244444186948653;14.919.872.150.961.900;20.526.721;204.432;0.5513561785221099;35.687.047.123.908.900;0.7521164;0.7533213;0.6438010185956955;0.8566569715738296;Industrials;
FIS;-18.281.394.629.299.500;31.214.537.309.972.500;20.886.467;2.088.538;0.5972382128238678;35.983.273.983.001.700;0.8244586;0.8286694;0.7465335875749588;0.8876995027065278;Financials;
FITB;-0.08633436625961506;13.907.512.805.242.500;20.691.488;20.660.367;0.5537672281265259;3.592.122.232.913.970;0.7479058;0.74762994;0.6460754096508026;0.8515715807676315;Financials;
FSLR;0.6005520511544552;8.977.233.349.073.970;20.644.329;20.682.154;0.554924926161766;35.870.956.540.107.700;0.6316475;0.62952137;0.4868542835116386;0.7846335321664809;Information Technology;
FE;-1.487.862.270.510.110;3.463.885.280.162.760;20.744.832;20.735.755;0.5779733300209046;35.849.010.109.901.400;0.8328925;0.8373107;0.7616537600755692;0.8891572535037994;Utilities;
FI;-0.35438573040870053;12.572.902.902.923.900;2.065.932;2.062.737;0.5478210628032685;3.581.665.563.583.370;0.72412723;0.7234129;0.6135796904563904;0.837313574552536;Financials;
FMC;-0.33065389652871746;1.335.701.837.874.750;2.055.766;20.548.477;0.5305085062980652;35.606.262.803.077.600;0.73797774;0.7380669;0.6319515705108643;0.8473051995038986;Materials;
F;0.436102895297593;10.010.214.578.923.600;2.068.717;2.075.431;0.5613275289535523;3.579.668.092.727.660;0.67140335;0.6696539;0.5429972261190414;0.8091897249221802;Consumer Discretionary;
FTNT;-0.5900744037906244;14.807.721.839.677.300;20.682.533;20.581.036;0.5574349373579025;3.585.060.155.391.690;0.7515584;0.7525809;0.6460378408432007;0.8550003856420517;Information Technology;
FTV;0.02373659299253903;16.052.274.672.386.000;2.075.021;20.641.298;0.5646784633398056;3.596.885.454.654.690;0.7710503;0.7724596;0.6740844160318374;0.8628038257360457;Industrials;
FOXA;0.03254526652978187;69.190.401.559.776.300;2.044.791;20.434.473;0.5322258949279786;3.573.723.793.029.780;0.53165996;0.5270328;0.36782566606998446;0.7126502215862273;Communication Services;
FOX;0.032550268341912277;7.162.815.578.033.390;2.031.673;2.021.163;0.5232204586267472;3.573.131.728.172.300;0.55048805;0.545475;0.3927104502916336;0.7247536540031431;Communication Services;
BEN;0.04444128811191648;7.718.538.256.870.750;20.621.085;20.603.852;0.5366447329521179;35.746.507.644.653.300;0.58260393;0.577912;0.4356849849224091;0.747539639472961;Financials;
FCX;0.24762275794817631;9.995.211.237.698.160;20.630.786;20.539.985;0.5722826957702637;35.865.876.793.861.300;0.67191356;0.66849506;0.5475012362003326;0.8068148285150528;Materials;
GRMN;0.7298494366751591;14.881.287.712.681.600;20.526.588;20.487.955;0.5582946687936783;35.438.832.402.229.300;0.75955087;0.76114297;0.6509517014026642;0.8629600405693054;Consumer Discretionary;
IT;0.18827261576654747;16.680.666.290.126.400;20.611.901;20.675.051;0.5705388098955154;35.659.535.169.601.400;0.7785464;0.780459;0.6832809984683991;0.8688389778137207;Information Technology;
GE;0.13179759763298832;7.461.696.375.086.670;20.668.044;20.707.543;0.536449059844017;35.880.425.930.023.100;0.5672801;0.5630455;0.41328837871551516;0.7345706462860107;Industrials;
GEHC;-0.2279721304700314;13.231.318.642.288.500;20.631.852;2.061.732;0.5738375544548034;35.793.972.611.427.300;0.73690224;0.73687625;0.6306892335414886;0.8437520831823349;Health Care;
GEV;0.0026535784128593606;31.499.475.301.364.800;1.655.271;13.697.822;0.31820047944784163;3.535.553.359.985.350;0.14758998;0.13345595;0.10278831645846367;0.24453146085143082;Industrials;
GEN;-17.637.175.252.206.400;381.414.351.234.562;20.883.925;20.919.833;0.5865183264017105;3.592.085.230.350.490;0.83649343;0.8402022;0.7700522750616073;0.8894781291484832;Information Technology;
GNRC;-0.4998077953529647;10.257.983.196.156.200;2.056.168;20.512.743;0.5756522327661514;35.779.836.654.663.000;0.67330587;0.6716823;0.5457542955875396;0.8061638236045837;Industrials;
GD;-0.26498761355378553;9.090.996.991.248.010;20.596.414;20.546.768;0.5428481280803681;35.851.598.143.577.500;0.6392026;0.6363772;0.508090204000473;0.7818567872047424;Industrials;
GIS;-0.4004072287119397;11.430.969.396.163.700;20.525.448;2.050.468;0.5417886257171631;35.367.592.215.538.000;0.7012083;0.70099974;0.584672150015831;0.8223133832216262;Consumer Staples;
GM;0.19250525009092725;9.467.211.134.973.070;20.739.977;20.692.225;0.5242305725812912;3.589.780.139.923.090;0.6568991;0.6537817;0.5280292570590973;0.7956963837146758;Consumer Discretionary;
GPC;0.40479439507756404;241.097.209.730.155;20.748.913;2.076.463;0.5847106873989105;35.639.611.721.038.800;0.8192093;0.82242024;0.741682106256485;0.885220181941986;Consumer Discretionary;
GILD;0.393386068422659;9.693.478.963.018.760;20.565.996;20.462.537;0.5360375791788101;35.866.406.559.944.100;0.6630169;0.66043055;0.5327059894800186;0.806204131245613;Health Care;
GPN;0.10058442064633948;15.675.384.620.464;2.062.864;20.586.226;0.5648122727870941;358.839.372.396.469;0.76869744;0.76989746;0.6712169080972672;0.8619813650846482;Financials;
GS;0.1956512363735088;1.295.515.853.914.760;20.620.925;20.675.712;0.5457040876150132;35.766.465.783.119.200;0.7348066;0.73460805;0.6262400209903717;0.8439439386129377;Financials;
HAL;-0.7630727370260235;21.307.822.386.545.400;2.068.939;20.697.064;0.5614492654800416;3.575.359.559.059.140;0.8001867;0.8039795;0.708893460035324;0.878966823220253;Energy;
HIG;0.765756906752374;41.016.113.531.535.700;209.124;20.866.256;0.5700630933046341;3.599.259.638.786.310;0.84730536;0.8502525;0.7930128157138825;0.8915108054876327;Financials;
HAS;0.27872195111218406;1.889.674.238.424.830;20.732.954;20.760.698;0.5839723259210587;35.917.042.136.192.300;0.79432464;0.79622626;0.7071451157331466;0.8754142791032791;Consumer Discretionary;
HCA;-0.02047869252058216;2.188.248.939.677.750;20.644.064;20.502.758;0.5604780703783036;35.665.390.133.857.700;0.8097803;0.8135923;0.7272786945104599;0.8815851747989655;Health Care;
DOC;-0.6304529323159421;199.901.585.832.492;20.907.722;20.901.723;0.5981737434864044;3.583.943.128.585.810;0.79446167;0.7968775;0.7009533077478409;0.8786438375711441;Real Estate;
HSIC;-0.06682503799751426;72.676.097.640.052.800;20.488.663;20.488.098;0.505568552017212;35.861.304.283.142.000;0.55615956;0.54983044;0.39815826416015626;0.731725239753723;Health Care;
HSY;-10.389.932.950.164.000;22.475.343.010.907.700;20.835.059;2.098.549;0.5574688762426376;3.573.295.128.345.480;0.802671;0.8066737;0.7085832446813584;0.8818278402090073;Consumer Staples;
HES;-0.32636072368918706;17.170.867.774.353.100;20.759.504;20.708.895;0.5761195868253708;3.575.401.628.017.420;0.7777922;0.77907;0.6830773562192917;0.8679387360811234;Energy;
HPE;-0.23448318143557048;9.105.224.457.746.130;20.503.163;20.569.491;0.5016747117042542;3.585.751.104.354.850;0.64169055;0.6390383;0.5092474609613419;0.7861492276191712;Information Technology;
HLT;0.10629634633534031;8.647.361.342.671.490;20.490.584;20.447.457;0.5335477828979492;3.574.970.245.361.320;0.62730217;0.62367123;0.4921640858054161;0.7773953676223754;Consumer Discretionary;
HOLX;-0.9211913615810204;17.229.795.821.682.500;20.753.918;2.073.681;0.5831173628568649;3.595.053.470.134.730;0.7712651;0.77376103;0.6680514723062515;0.8671004474163054;Health Care;
HD;-0.9522395726151388;20.428.381.719.287.900;20.679.348;206.252;0.5698152720928192;3.566.228.532.791.130;0.7932837;0.79629964;0.6982955753803253;0.8780100882053374;Consumer Discretionary;
HON;0.1105855816387052;14.442.657.152.025.000;20.632.005;20.515.428;0.5257766962051392;3.576.702.618.598.930;0.7553388;0.7557335;0.6535694658756256;0.8555272936820983;Industrials;
HRL;0.6823699070365816;1.858.614.529.691.620;2.077.131;20.783.389;0.5497639685869218;35.850.663.423.538.200;0.79162437;0.7950871;0.6987558245658875;0.8753794729709625;Consumer Staples;
HST;1.398.313.217.388.310;2.265.225.085.673.900;2.088.533;20.864.983;0.5698407530784607;3.573.946.273.326.870;0.80965203;0.8137388;0.7200480997562408;0.8837087541818618;Real Estate;
HWM;0.05820532902164566;182.435.560.277.838;2.085.089;20.927.415;0.5596390575170517;35.782.641.887.664.700;0.7888659;0.7909825;0.6978643000125885;0.871078673005104;Industrials;
HPQ;-0.45395768654953655;12.915.830.326.199.100;20.585.654;2.053.883;0.5651670455932618;3.577.452.731.132.500;0.7286481;0.72826976;0.6189774096012115;0.8398381173610687;Information Technology;
HUBB;-0.23895674209456302;10.965.646.023.846.800;20.422.027;20.301.473;0.53292975127697;3.576.382.887.363.430;0.6946336;0.69360757;0.5758602619171143;0.8193594664335251;Industrials;
HUM;-0.5351676758750311;18.011.650.504.828.200;2.086.922;2.090.374;0.5611607015132904;3.597.173.988.819.120;0.7815842;0.7839445;0.6855455547571182;0.8709019988775253;Health Care;
HBAN;0.04571619155082729;10.863.485.681.411.200;2.065.521;2.075.376;0.5489825874567031;35.585.591.197.013.800;0.6953281;0.6925231;0.578935956954956;0.819956961274147;Financials;
HII;-0.3813197890338237;862.977.924.811.652;20.403.318;20.376.868;0.5187003135681153;35.664.116.978.645.300;0.62151915;0.61899173;0.47947833836078646;0.7760946661233902;Industrials;
IBM;-0.4457630824212985;12.463.462.309.936.500;20.613.916;20.517.886;0.5520202219486237;35.831.712.722.778.300;0.7215784;0.72121024;0.6097711503505707;0.8346316486597061;Information Technology;
IEX;-0.35353090404544596;8.415.777.630.519.340;2.046.396;20.459.518;0.5375724494457245;3.579.493.999.481.200;0.61181766;0.6082337;0.4669919490814209;0.7694832533597945;Industrials;
IDXX;-0.005673639453315913;5.779.135.289.532.000;20.399.446;20.396.972;0.5135822653770447;3.549.557.852.745.050;0.41764185;0.40781224;0.23831843584775925;0.6319717347621917;Health Care;
ITW;0.27676722114498775;14.789.318.554.245.400;20.539.913;20.557.086;0.5537635445594787;35.601.795.911.788.900;0.76049143;0.7612759;0.6605612099170685;0.8611582577228546;Industrials;
ILMN;0.1356974499567644;7.906.367.797.327.570;2.048.705;20.452.242;0.5307451665401459;35.875.075.340.270.900;0.5920301;0.58752966;0.4437476545572281;0.7553241819143295;Health Care;
INCY;-0.7347132888861445;13.583.558.350.613.300;20.472.074;20.511.293;0.5408588141202927;35.530.052.661.895.700;0.7344415;0.73538566;0.6217898756265641;0.8460488140583038;Health Care;
IR;-0.015385728395876328;9.769.286.507.208.130;20.554.636;20.570.388;0.5543713510036469;3.580.324.506.759.640;0.6659505;0.6626836;0.5411062657833099;0.8042526721954345;Industrials;
PODD;0.7399486780743667;11.598.765.285.613.200;20.564.835;20.441.194;0.5501502543687821;35.707.977.294.921.800;0.7058836;0.7041372;0.5818621337413787;0.8320835262537002;Health Care;
INTC;-0.24181693640954474;11.467.282.975.219.500;20.636.575;20.587.387;0.5247095733880998;36.032.589.673.995.900;0.7055765;0.7037365;0.590848046541214;0.8282784968614578;Information Technology;
ICE;-0.5231542567552083;12.064.646.595.597.600;20.541.925;20.594.964;0.5268833845853806;35.815.384.745.597.800;0.7126906;0.7122327;0.5959869891405105;0.8320794880390167;Financials;
IFF;-11.081.257.514.071.100;1.871.803.973.284.210;20.793.827;20.753.875;0.5599988043308258;35.895.402.669.906.600;0.7812377;0.7839136;0.6791462510824203;0.8747677057981491;Materials;
IP;0.3658921096179026;10.666.154.274.391.000;20.523.884;20.426.087;0.5546535789966583;35.789.348.959.922.700;0.69078016;0.689362;0.5692678213119506;0.8198748648166656;Materials;
IPG;-0.02135039293370822;10.937.395.647.515.400;20.682.216;20.619.726;0.5486901730298996;35.869.056.463.241.500;0.69526917;0.6915702;0.5807680904865264;0.8209665179252623;Communication Services;
INTU;0.24144724259242017;9.722.240.615.141.370;20.590.572;20.615.976;0.5371814161539078;35.850.054.860.115.000;0.6641736;0.6610783;0.5334327906370163;0.8062764018774032;Information Technology;
ISRG;0.05242947773966176;968.101.551.517.915;2.050.622;20.544.689;0.5335192173719406;35.669.755.697.250.300;0.66330147;0.6602247;0.5384407997131347;0.8011811167001724;Health Care;
IVZ;-0.20182535205485527;11.551.218.192.424.700;20.591.002;20.566.401;0.5580539047718048;3.587.954.378.128.050;0.7081018;0.70691943;0.5961524933576584;0.8250006794929503;Financials;
INVH;-13.928.029.686.040.000;28.785.979.312.525.800;2.080.527;20.748.892;0.5703416585922241;3.595.026.981.830.590;0.821059;0.8255553;0.7408800184726715;0.8874997049570084;Real Estate;
IQV;0.11928158052268145;13.225.754.231.424.800;20.638.533;20.722.115;0.5549702495336533;35.414.989.471.435.500;0.7389682;0.73886895;0.6336834192276001;0.8460431069135665;Health Care;
IRM;-0.2280696190111087;1.084.468.674.633.650;20.580.845;2.054.897;0.5433342128992081;35.724.618.554.115.200;0.691472;0.6889999;0.5736873388290405;0.8189891636371611;Real Estate;
JBHT;-0.11784324325842704;9.207.722.243.093.400;20.563.788;2.051.619;0.5415010631084443;3.578.489.387.035.360;0.646394;0.6422961;0.5186257511377335;0.7865329653024672;Industrials;
JBL;-0.07459268368563836;11.799.426.534.051.000;2.059.233;2.067.348;0.5544686645269394;3.580.469.477.176.660;0.71433973;0.7136339;0.6051270931959152;0.8313824266195295;Information Technology;
JKHY;-0.7070064520323891;1.135.168.768.011.210;20.654.597;2.059.678;0.5540967762470246;35.910.470.604.896.500;0.69429916;0.6937252;0.5694226861000061;0.820090827345848;Financials;
J;-0.20545908818271202;9.090.399.849.495.100;20.562.663;20.530.171;0.5682819694280624;35.831.614.851.951.500;0.64066964;0.63777584;0.5104158908128739;0.7835942238569259;Industrials;
JNJ;-0.2533300908242639;12.257.578.160.266.800;20.540.018;20.446.482;0.5654727548360825;3.556.439.292.430.870;0.7206402;0.7197979;0.6115440875291824;0.8333019495010375;Health Care;
JCI;-0.6005668416941065;7.729.116.397.088.760;20.481.966;20.453.062;0.5402411878108978;35.865.879.774.093.600;0.57134455;0.5672413;0.4083620235323906;0.7424203723669052;Industrials;
JPM;0.3409131450056117;16.724.564.750.336.000;20.636.406;20.643.215;0.5692973226308823;3.562.118.828.296.660;0.77890855;0.78035563;0.6827972114086152;0.8697627872228623;Financials;
JNPR;0.9942108032463609;20.041.531.170.448.800;20.804.799;20.796.337;0.5755728334188461;3.554.822.361.469.260;0.7989992;0.80299604;0.7066742777824402;0.8788832008838653;Information Technology;
K;-0.31752108826102693;13.208.230.192.484.500;20.590.384;20.503.209;0.5589932292699814;35.495.751.976.966.800;0.7346814;0.7344048;0.6281693398952484;0.8436794996261596;Consumer Staples;
KVUE;-0.1467496471961511;6.290.290.112.285.750;20.390.005;2.028.555;0.5262035310268403;35.753.133.058.547.900;0.47468174;0.4687701;0.30056160539388654;0.6702510207891463;Consumer Staples;
KDP;2.771.453.449.213.960;56.333.183.140.633.800;20.836.067;20.787.244;0.5544638514518738;3.593.210.816.383.360;0.85379404;0.85633206;0.805911174416542;0.8929533004760742;Consumer Staples;
KEY;-0.4917553173150491;16.854.547.061.769.100;20.681.193;20.737.586;0.573155102133751;35.947.207.927.703.800;0.77435994;0.77592635;0.6773097395896912;0.86676786839962;Financials;
KEYS;0.04405661716959077;10.075.516.389.527.300;20.553.446;20.434.647;0.5629978060722352;35.792.767.167.091.300;0.6761647;0.6731976;0.5536644965410232;0.8106796503067016;Information Technology;
KMB;-0.05034178215372126;10.431.143.751.111.800;20.567.007;2.060.564;0.535636055469513;35.683.043.718.338.000;0.68567795;0.68336505;0.5671170175075531;0.8125304669141769;Consumer Staples;
KIM;10.787.486.022.994.600;27.823.904.698.689.300;20.750.165;2.079.915;0.5676693737506867;3.563.697.445.392.600;0.82831526;0.8322444;0.7554161131381989;0.8874794602394104;Real Estate;
KMI;-10.161.630.530.917.700;24.631.275.357.759.200;20.886.366;20.997.655;0.5661603391170502;35.705.565.214.157.000;0.81123185;0.8149476;0.7247078239917755;0.8837237447500229;Energy;
KLAC;0.28510432828872695;7.291.067.024.253.040;20.540.142;2.060.749;0.5265589147806168;35.859.730.958.938.500;0.55666447;0.55243635;0.40103738456964494;0.7284109473228455;Information Technology;
KHC;-15.045.704.572.562.000;4.513.634.556.948.470;20.705.972;20.534.093;0.5596654266119003;3.586.436.283.588.400;0.8480963;0.8517624;0.7920336544513702;0.8922769993543624;Consumer Staples;
KR;0.08234317582614338;986.891.244.576.946;20.494.785;20.501.072;0.5423325747251511;35.844.109.535.217.200;0.6712848;0.6692662;0.5460970014333725;0.8047425359487532;Consumer Staples;
LHX;0.2500915406975015;12.314.728.013.201.100;2.075.443;20.859.456;0.5714368373155594;358.035.078.048.706;0.72472817;0.7238276;0.6124250024557114;0.8389840006828307;Industrials;
LH;-0.796214212645271;1.941.949.061.888.910;20.612.955;2.055.305;0.5604418724775314;35.615.711.569.786.000;0.79030645;0.7925582;0.6950611203908921;0.8760911226272583;Health Care;
LRCX;0.17827841322858806;7.892.123.688.847.970;20.281.148;2.012.474;0.5241278350353241;35.607.985.377.311.700;0.59197015;0.58700514;0.4478225871920586;0.7546772092580795;Information Technology;
LW;-0.9318022935081732;18.931.615.844.484.600;20.764.575;207.507;0.5766604334115982;35.848.202.109.336.800;0.78538066;0.7894996;0.6860075891017914;0.8749275654554367;Consumer Staples;
LVS;0.15134333902902472;769.188.131.513.561;20.517.604;20.503.888;0.5640295773744584;35.668.824.434.280.300;0.58058673;0.57579017;0.43205986022949217;0.7448054820299148;Consumer Discretionary;
LDOS;-0.5146687331263121;14.501.221.269.677.600;20.671.563;2.051.801;0.5896947234869003;35.773.792.982.101.400;0.7494042;0.75010514;0.6442332029342651;0.8528438657522202;Industrials;
LEN;0.2531049605104712;12.300.864.288.637.500;2.068.859;20.691.352;0.5645365834236146;35.907.301.306.724.500;0.72412604;0.7240933;0.612854415178299;0.8382658779621123;Consumer Discretionary;
LIN;0.11600563876796173;882.998.725.276.839;20.683.835;2.075.172;0.5519274681806564;3.578.802.025.318.140;0.63305545;0.62979907;0.5024507910013198;0.7783556252717971;Materials;
LYV;0.18673302488614107;11.082.305.630.185.700;20.448.875;2.042.702;0.5392295032739639;35.659.839.391.708.300;0.7008732;0.69896376;0.5851277887821198;0.8225241899490356;Communication Services;
LKQ;-0.24456938456791066;2.290.044.064.926.050;2.086.087;20.808.423;0.6178935527801515;3.572.744.596.004.480;0.81090754;0.81456053;0.726853659749031;0.8819306641817093;Consumer Discretionary;
LMT;-0.3364519285138113;15.645.032.850.293.100;20.685.709;20.650.353;0.606177803874016;35.804.072.260.856.600;0.7649048;0.7659485;0.6650451421737671;0.8609271556138992;Industrials;
L;-0.42241690788668373;18.248.055.440.639.000;20.901.816;209.059;0.5793153196573257;3.584.091.413.021.080;0.7848299;0.7871143;0.690307879447937;0.8719408512115476;Financials;
LOW;-11.174.828.526.875.200;23.090.346.195.006.300;20.847.363;20.918.694;0.6010686844587326;35.633.925.437.927.200;0.8047764;0.8083199;0.7135839760303497;0.8822998583316803;Consumer Discretionary;
LULU;-0.13288050539351312;12.491.674.898.957.500;2.068.959;20.677.967;0.5513415098190309;3.578.264.582.157.130;0.7254616;0.72523767;0.6160622835159302;0.8376151710748673;Consumer Discretionary;
LYB;-0.5642970221643845;19.012.862.552.412.400;20.603.435;2.063.128;0.5711392521858215;3.572.933.137.416.830;0.7889552;0.7912488;0.6941626220941544;0.8745888233184814;Materials;
MTB;0.6765384422739918;15.169.063.297.751.100;20.423.965;2.038.437;0.5435771524906159;3.542.725.038.528.440;0.762589;0.76434124;0.6568877309560776;0.8639049142599105;Financials;
MRO;-0.8897630572069182;2.630.957.755.016.370;20.860.445;20.957.708;0.5401029735803604;35.712.604.045.867.900;0.81911075;0.82368153;0.735651108622551;0.8871547162532806;Energy;
MPC;-0.30301602012262696;15.918.987.345.573.600;20.691.636;20.765.748;0.5738129794597626;3.556.718.111.038.200;0.76646423;0.76752687;0.66662877202034;0.8616237372159957;Energy;
MKTX;-0.40486072120346017;1.105.277.775.588.650;20.525.143;20.613.735;0.5433446675539017;3.578.446.686.267.850;0.6944484;0.6923826;0.5746703833341599;0.819092908501625;Financials;
MAR;0.471653323440339;12.313.028.744.451.600;20.794.456;20.763.152;0.5444326311349869;35.944.515.109.062.100;0.723065;0.7221691;0.6095735698938369;0.8417487770318985;Consumer Discretionary;
MMC;-0.129546914748207;1.617.709.596.805.390;20.810.277;2.066.369;0.6074319601058961;35.842.614.650.726.300;0.7711252;0.7718847;0.6757685303688049;0.863124531507492;Financials;
MLM;0.05738418754922361;9.523.901.363.879.870;2.069.133;20.679.505;0.5568405240774156;3.579.127.192.497.250;0.6581967;0.6548914;0.5311954110860825;0.7973261773586272;Materials;
MAS;0.1821995456054691;8.725.057.371.768.980;2.058.997;20.546.384;0.5470881283283234;3.560.481.369.495.390;0.6283591;0.62441295;0.4928363338112831;0.7760933220386504;Industrials;
MA;0.3171310880633454;11.705.374.260.024.500;20.689.936;20.678.825;0.5555920243263245;35.861.908.078.193.600;0.71255374;0.71152234;0.5985070675611496;0.8316206336021422;Financials;
MTCH;0.272724325881398;9.337.880.960.555.950;20.574.832;205.272;0.5648840069770813;35.619.586.586.952.200;0.6517946;0.6486509;0.520496928691864;0.7934934198856354;Communication Services;
MKC;0.011628011268319225;1.821.193.862.604.490;20.585.172;20.570.097;0.5760730624198914;35.797.363.519.668.500;0.78921396;0.7921227;0.69818494617939;0.8717016339302063;Consumer Staples;
MCD;0.4310571105747952;3.586.169.129.158.230;20.911.133;20.940.413;0.5918073773384095;35.885.058.760.643;0.842488;0.8460301;0.7819013386964798;0.891094160079956;Consumer Discretionary;
MCK;0.31278400020830127;9.191.914.183.432.490;20.258.627;20.147.471;0.533945941925049;35.479.951.858.520.500;0.64908445;0.64604366;0.5164081424474716;0.7936917811632156;Health Care;
MDT;-0.19289065102372327;10.922.163.927.768.700;20.536.597;20.405.636;0.5490623116493225;3.587.024.199.962.610;0.69501895;0.69218487;0.5800001591444016;0.819196781516075;Health Care;
MRK;-0.03225048492173345;925.768.443.749.081;2.045.888;20.480.714;0.5409844011068345;35.692.220.091.819.700;0.6491442;0.6464248;0.5199776351451874;0.7906168580055236;Health Care;
META;-0.43508750126078755;2.156.474.080.944.710;20.877.852;20.798.943;0.6081941694021225;35.832.944.154.739.300;0.80428946;0.8075203;0.7164521157741547;0.8805361807346344;Communication Services;
MET;-0.32624045686802255;15.190.408.779.915.800;20.693.493;2.067.875;0.5623091697692871;35.876.303.791.999.800;0.7595014;0.75928193;0.6610127866268158;0.8579141676425933;Financials;
MTD;-0.15567199859716904;6.231.953.624.535.910;20.448.859;20.465.245;0.5363280713558197;3.559.472.477.436.060;0.47039872;0.4636924;0.29814943969249724;0.6725295960903167;Health Care;
MGM;0.060045590767965965;23.569.610.183.712.000;20.884.929;20.887.442;0.5775541126728058;36.039.622.426.033.000;0.8161667;0.8190145;0.737930354475975;0.8845389068126679;Consumer Discretionary;
MCHP;-0.09773245240913997;8.527.885.136.780.150;20.418.491;20.312.696;0.5217924892902375;3.578.803.360.462.180;0.6219979;0.6182941;0.48409127742052077;0.7732394665479659;Information Technology;
MU;0.026375248910465218;5.975.619.340.638.580;2.037.622;2.032.576;0.5502721250057221;35.617.200.851.440.400;0.4415361;0.43361133;0.26159948110580444;0.6470243513584136;Information Technology;
MSFT;0.010378527837687045;9.561.836.616.116.370;20.658.746;20.714.765;0.568422383069992;3.567.953.407.764.430;0.6589603;0.65672386;0.5321265667676925;0.7955821216106415;Information Technology;
MAA;-0.7738158383040988;16.604.330.477.513.800;2.077.045;20.768.888;0.5767474412918091;3.589.458.072.185.510;0.7679185;0.7695845;0.6651820689439774;0.8655064910650253;Real Estate;
MRNA;0.6704027352656022;649.093.867.209.448;20.429.626;20.437.632;0.5179624319076539;35.588.598.489.761.300;0.47527564;0.46993595;0.29912457168102263;0.6738078296184539;Health Care;
MHK;-0.5354158847178762;1.684.201.461.707.190;20.614.607;20.505.524;0.5736659049987793;35.807.455.062.866.200;0.7731219;0.7749988;0.6722184598445893;0.8654357105493545;Consumer Discretionary;
MOH;0.4414662200804537;10.457.570.137.417.000;2.069.722;2.067.534;0.5389134287834167;35.840.113.997.459.300;0.682305;0.680426;0.5567956358194351;0.8149109065532684;Health Care;
TAP;-0.5578992067374102;9.854.585.450.281.260;20.501.602;2.054.653;0.5334413141012192;35.706.806.421.279.900;0.6591435;0.65820444;0.5275508463382721;0.7976446121931074;Consumer Staples;
MDLZ;0.07706857015264312;15.117.461.555.880.300;2.067.357;20.637.956;0.5772561699151993;3.575.727.474.689.480;0.76235;0.76331246;0.664325013756752;0.8579713881015777;Consumer Staples;
MPWR;0.22776681851628705;7.626.229.799.845.690;20.711.646;20.674.489;0.553499498963356;35.920.256.137.847.800;0.57586044;0.5712327;0.42985448986291885;0.7412981659173963;Information Technology;
MNST;-0.1635732704117544;9.804.953.967.456.430;20.671.723;20.612.497;0.5326745182275772;3.608.767.104.148.860;0.6645531;0.6613244;0.5406754463911057;0.8031135827302932;Consumer Staples;
MCO;0.13709505628949806;1.550.053.831.483.840;20.829.816;20.731.683;0.5959708869457245;3.588.171.815.872.190;0.76672506;0.7682614;0.6695294499397277;0.8608370631933212;Financials;
MS;0.5269189676221236;16.469.593.167.886.300;2.078.418;20.770.445;0.5834806144237519;3.550.740.337.371.820;0.7755343;0.7773273;0.6785182088613511;0.867809721827507;Financials;
MOS;-0.293989617800836;10.720.407.685.283.900;2.062.575;2.055.731;0.542868447303772;35.886.049.151.420.500;0.6871173;0.68561053;0.5682124465703964;0.8144101053476334;Materials;
MSI;0.164339565592327;12.204.014.526.730.200;20.618.532;20.690.868;0.5572818458080293;3.558.390.986.919.400;0.72413075;0.72292477;0.6144721150398255;0.8406043022871017;Information Technology;
MSCI;-0.008828431156567017;10.977.762.160.800.700;20.570.858;2.052.596;0.5531889796257019;35.860.064.506.530.700;0.6973841;0.6952617;0.5818200170993805;0.8223671555519104;Financials;
NDAQ;-0.09631202698971365;13.315.423.982.039.800;20.736.263;20.715.895;0.567249521613121;35.818.735.122.680.600;0.7389539;0.7393762;0.633084985613823;0.8449522823095321;Financials;
NTAP;-0.20368532407243112;13.843.573.805.740.300;20.710.316;20.695.915;0.5720015406608582;35.464.543.938.636.700;0.7438812;0.74375606;0.6421872645616531;0.8480335861444473;Information Technology;
NFLX;-10.103.107.796.953.200;21.221.753.331.060.500;20.956.695;20.836.291;0.6184371501207353;36.147.257.089.614.800;0.7963723;0.8000661;0.7006501972675323;0.879402807354927;Communication Services;
NEM;0.27043169212674817;8.745.215.116.787.700;20.506.704;20.400.596;0.5314704835414887;3.570.959.591.865.530;0.62976104;0.6262272;0.49182533621788027;0.7828504830598831;Materials;
NWSA;-0.14112968587312402;9.502.458.057.235.540;20.542.397;2.056.415;0.5492614686489107;35.590.420.961.380.000;0.65771085;0.65451586;0.5308145493268966;0.7964948534965515;Communication Services;
NWS;-0.264685396464339;10.220.290.607.431.200;2.059.476;2.067.885;0.5513053357601166;35.664.659.738.540.600;0.6749025;0.67385375;0.5517388373613358;0.8027082085609436;Communication Services;
NEE;-0.1406503693177548;12.806.713.423.079.700;20.657.573;20.564.694;0.5804250061511994;3.590.461.933.612.820;0.73148215;0.7306575;0.6248654723167419;0.8418131291866302;Utilities;
NKE;0.31729847837140834;12.372.561.878.549.200;2.046.823;2.044.989;0.5646973103284836;35.725.568.056.106.500;0.72615;0.7257942;0.6140173196792602;0.840713381767273;Consumer Discretionary;
NI;-0.5442730150472547;23.491.350.443.053.200;20.695.415;20.744.305;0.5691030472517014;35.636.075.496.673.500;0.81187147;0.81603825;0.7259256154298782;0.8848208963871002;Utilities;
NDSN;-0.20801389066690135;21.615.590.353.636.900;20.662.622;20.631.104;0.5722466349601746;3.568.350.195.884.700;0.80688685;0.81050193;0.7223061144351959;0.8806109577417374;Industrials;
NSC;0.0863349608929982;14.130.487.169.783.500;20.493.429;20.396.073;0.5444001317024232;358.056.401.014.328;0.75182915;0.75192755;0.6483589589595795;0.8553683400154114;Industrials;
NTRS;0.20137903873542215;15.604.373.209.378.300;2.050.785;20.507.085;0.5427300423383713;35.547.919.034.957.800;0.7686381;0.7697735;0.6707990199327469;0.8649657040834425;Financials;
NOC;0.12574100075573183;10.510.307.392.790.000;2.055.528;20.617.046;0.5254950225353241;3.573.334.801.197.050;0.68717176;0.6846678;0.5679462283849717;0.8148911744356154;Industrials;
NCLH;0.27430515363003305;17.539.382.221.344.800;2.084.778;20.943.599;0.589476466178894;3.571.051.466.464.990;0.7848376;0.7865925;0.6930924952030182;0.871114483475685;Consumer Discretionary;
NRG;-0.5101405316324242;12.756.242.567.727.300;20.707.073;20.616.376;0.5702763766050339;359.202.696.084.976;0.7239063;0.72399366;0.6118808060884475;0.8368013769388198;Utilities;
NUE;-0.16664368134699598;6.885.638.166.665.920;20.509.276;20.487.885;0.5340675204992295;3.571.398.961.544.030;0.5280394;0.5222337;0.36478782147169114;0.7122422516345978;Materials;
NVDA;0.1635503367881646;7.843.223.631.138.290;20.575.354;2.071.992;0.5408018887042999;35.922.196.745.872.400;0.5894704;0.58521426;0.444631727039814;0.7501010060310364;Information Technology;
NVR;0.27243245858557186;1.858.502.166.179.280;2.071.552;20.635.521;0.6013110309839249;3.578.788.602.352.140;0.7915058;0.7947347;0.7009792417287827;0.872460314631462;Consumer Discretionary;
NXPI;0.08427082205679859;8.445.045.317.294.250;20.536.358;2.033.578;0.552700424194336;35.629.957.437.515.200;0.617863;0.6137884;0.4820933103561401;0.7681013196706772;Information Technology;
ORLY;-0.43057874403196544;16.646.691.474.938.800;20.707.242;20.595.164;0.5614985257387162;3.592.499.613.761.900;0.77203584;0.7737533;0.6736793458461762;0.8657390087842941;Consumer Discretionary;
OXY;-0.8639483157877392;3.845.475.204.139.550;2.083.309;2.077.889;0.574854987859726;35.890.347.957.611.000;0.84365153;0.84750426;0.781930822134018;0.8919912338256836;Energy;
ODFL;-0.1808426548494181;7.114.108.079.208.920;20.476.081;20.520.198;0.5488755732774735;35.709.756.016.731.200;0.543762;0.5390514;0.38362704366445544;0.7217879861593243;Industrials;
OMC;0.2900939512758838;11.460.194.135.984.700;20.448.802;2.044.456;0.5331896424293519;3.590.635.621.547.690;0.7087493;0.7066449;0.5927633255720138;0.8337378650903702;Communication Services;
ON;-0.05574156283749881;10.775.479.631.345.700;20.554.779;2.057.211;0.5364696353673936;3.565.571.665.763.850;0.6923333;0.6913202;0.5737207978963852;0.8195547223091125;Information Technology;
OKE;-16.874.631.910.232.700;48.908.445.979.954.000;20.615.206;20.592.957;0.5487704128026962;35.784.902.572.631.800;0.85108274;0.8543483;0.797813794016838;0.8930031180381774;Energy;
ORCL;0.6890253201729931;21.588.607.189.423.700;20.787.551;20.680.504;0.5738334000110626;35.935.967.803.001.300;0.8088126;0.8117995;0.724956476688385;0.8826031237840652;Information Technology;
OTIS;0.5307324033883977;1.071.581.631.639.570;205.743;2.053.832;0.5414186775684358;35.854.508.519.172.600;0.6889603;0.68707633;0.5625327289104461;0.8223379909992218;Industrials;
PCAR;0.4860493808320538;931.840.611.190.123;2.053.501;20.508.237;0.537668263912201;3.573.043.012.619.010;0.64719003;0.64347655;0.5116943806409836;0.7956774115562438;Industrials;
PKG;0.3150270635839709;10.570.315.086.029.800;20.453.703;20.518.515;0.5566765099763871;35.364.818.215.370.100;0.68838006;0.6855949;0.5678220331668854;0.8185833990573883;Materials;
PANW;-0.6993330581812167;19.818.718.170.498.100;20.921;20.923.972;0.5771900475025177;35.939.221.739.768.900;0.7928322;0.79582167;0.697544053196907;0.8767756789922714;Information Technology;
PARA;-0.3227539235549365;17.488.646.760.998.700;20.649.004;20.692.744;0.5699215024709702;356.666.613.817.215;0.78159744;0.78362566;0.6872407823801041;0.8702682673931121;Communication Services;
PH;-0.0672947760630085;13.408.516.287.980.800;2.071.536;2.070.707;0.5469697684049607;3.597.507.917.881.010;0.7415813;0.7415781;0.6370896220207214;0.8471744388341904;Industrials;
PAYX;-0.3955639440627069;25.235.772.692.877.800;20.848.675;2.066.542;0.6192781150341033;35.882.149.934.768.600;0.8190603;0.82280433;0.7384010702371597;0.8865396738052368;Industrials;
PAYC;-12.396.713.904.415.100;2.314.456.222.589.300;20.875.301;20.710.263;0.5913807660341264;35.822.177.052.497.800;0.8037341;0.80800676;0.7103482753038406;0.8818303406238556;Industrials;
PYPL;-0.4206283374884552;11.281.625.691.923.900;20.574.474;20.500.746;0.5331702560186387;35.798.913.717.269.800;0.69897795;0.6977117;0.5797122329473495;0.823539850115776;Financials;
PNR;-0.19192838609981125;15.100.253.480.733.400;2.058.386;20.554.943;0.5724010556936264;3.577.765.154.838.560;0.76040465;0.7608723;0.6620666176080704;0.8567013144493103;Industrials;
PEP;-0.15286628881113143;23.024.268.900.685.000;2.085.311;2.089.332;0.5668783605098725;35.867.985.963.821.300;0.81329143;0.81684566;0.7320662945508957;0.8834139883518218;Consumer Staples;
PFE;0.22568705440756098;7.485.528.445.695.200;20.543.668;20.572.248;0.5422364562749863;35.970.359.086.990.300;0.5681391;0.5635508;0.41497659087181094;0.7377833515405654;Health Care;
PCG;16.503.541.827.483.300;6.987.547.108.108.310;20.878.503;20.616.646;0.607583698630333;35.861.827.731.132.500;0.85938704;0.86130625;0.8181040793657303;0.893636092543602;Utilities;
PM;-11.824.293.082.201.300;16.139.948.595.192.600;20.653.977;20.611.963;0.5482683777809143;35.711.335.897.445.600;0.76091945;0.7638731;0.6466031491756439;0.8658173114061355;Consumer Staples;
PSX;0.27528380076660647;1.190.545.989.833.250;20.700.238;20.861.773;0.5504793047904969;35.782.311.916.351.300;0.7167019;0.7146794;0.6022981107234955;0.8365140527486801;Energy;
PNW;-0.5789477362925034;18.097.838.019.000.400;20.685.444;20.811.605;0.5532669991254808;35.745.537.042.617.700;0.78258586;0.7856075;0.6853400051593781;0.8714808851480483;Utilities;
PNC;0.014702391009169405;11.038.544.087.366.000;20.623.167;20.635.712;0.5508250832557678;3.572.159.123.420.710;0.6979895;0.6957279;0.5831788957118988;0.8212562054395675;Financials;
POOL;-0.5555767090058714;1.088.644.286.128.890;20.417.745;20.359.657;0.5412514328956605;3.551.875.805.854.790;0.6875297;0.6856837;0.5658873558044434;0.8164964795112609;Consumer Discretionary;
PPG;-0.2908572818259343;939.274.062.116.215;20.518.034;20.498.893;0.5253242671489716;35.825.137.257.575.900;0.6486812;0.6464645;0.5190324902534484;0.7895734518766402;Materials;
PPL;-0.21718965865854487;1.585.791.558.910.890;20.657.153;20.677.824;0.5648645639419556;3.558.519.411.087.030;0.7677914;0.76891416;0.6695143014192582;0.8617036789655685;Utilities;
PFG;0.2405259447715476;17.064.761.612.962.600;20.846.918;20.774.941;0.5669410020112993;36.045.101.284.980.700;0.7809255;0.78272796;0.6860015302896499;0.8697729289531707;Financials;
PG;0.28706782532435227;150.730.814.821.563;20.657.356;20.590.515;0.5634098291397095;35.492.401.719.093.300;0.7633204;0.7646593;0.6626067399978638;0.8609162122011185;Consumer Staples;
PGR;-0.12612505170263738;1.080.584.319.109.470;20.666.227;20.649.762;0.5300000995397568;35.973.998.427.391.000;0.6925345;0.6902273;0.5770623683929443;0.8190496742725372;Financials;
PLD;-0.3929898330874847;12.561.781.679.333.800;20.444.336;2.039.353;0.5335260808467865;35.603.401.184.082.000;0.72428447;0.72416365;0.6150142908096313;0.8377945810556412;Real Estate;
PRU;-0.2983945040096206;19.520.695.880.496.900;20.840.325;20.852.156;0.5935356318950654;3.592.203.986.644.740;0.7949152;0.7979026;0.7034367710351944;0.8758968502283097;Financials;
PEG;-0.09166050157343537;10.787.766.198.489.300;20.363.483;2.021.513;0.5420260399580002;3.570.725.262.165.060;0.6929128;0.6909915;0.5735672801733017;0.8208292961120605;Utilities;
PTC;-0.35617436072927305;12.769.956.326.791.700;20.451.055;20.554.817;0.5451255291700363;35.859.703.063.964.800;0.72803503;0.7273873;0.6200018495321273;0.8390423446893692;Information Technology;
PSA;-0.6149432650471782;8.359.831.527.322.290;20.497.403;20.522.337;0.5243754923343659;3.566.220.605.373.380;0.6030821;0.60076684;0.450026823580265;0.7637488722801208;Real Estate;
PHM;0.09111268990711083;14.848.153.744.869.600;20.729.485;20.681.071;0.566090726852417;3.575.696.837.902.060;0.76035625;0.7615956;0.6585098683834076;0.8596136271953583;Consumer Discretionary;
QRVO;0.3404351732327482;9.068.589.154.478.440;20.638.359;20.682.147;0.5237493842840195;3.562.640.750.408.170;0.64156145;0.63761044;0.5052413552999496;0.7914053320884704;Information Technology;
PWR;0.3559395990953013;9.204.587.244.869.510;20.459.137;20.447.695;0.526422718167305;35.695.948.004.722.500;0.6464067;0.6424012;0.5133339762687683;0.7943352609872817;Industrials;
QCOM;0.6549078856726488;1.169.524.151.886.310;2.059.324;20.561.328;0.5796248733997346;35.702.508.091.926.500;0.7084117;0.7070669;0.5859534502029419;0.834444126486778;Information Technology;
DGX;-0.12355408277342562;11.938.166.357.636.700;20.534.966;20.406.318;0.5679056882858277;3.575.774.073.600.760;0.71685517;0.71548367;0.6067878931760788;0.8326573610305786;Health Care;
RL;0.4033630002544019;9.538.844.758.366.220;20.554.292;20.527.682;0.5395707488059998;3.588.620.579.242.700;0.6572345;0.6552162;0.5249685406684875;0.8006713002920149;Consumer Discretionary;
RJF;0.3361286979005511;11.210.177.996.669.000;20.766.487;20.773.468;0.5329122990369797;3.595.076.417.922.970;0.7017707;0.7002414;0.584352770447731;0.8271007418632508;Financials;
RTX;0.04475182728126041;15.372.966.494.250.800;20.618.856;20.541.596;0.5550663590431213;3.599.235.641.956.320;0.7653172;0.7663547;0.6660124301910401;0.8616543143987656;Industrials;
O;-2.203.624.944.187.770;4.718.076.364.696.390;2.074.068;20.793.548;0.5563415318727494;35.883.683.323.860.100;0.84386736;0.8463286;0.7874099850654602;0.8903790146112441;Real Estate;
REG;19.968.011.948.188.700;53.875.683.402.964.800;20.905.805;2.091.548;0.5680374354124069;35.917.624.711.990.300;0.85340685;0.85517156;0.8074158489704132;0.8920832335948944;Real Estate;
REGN;0.6460229951907276;10.640.691.175.204.700;20.746.045;20.707.426;0.5665758699178696;36.043.350.458.145.100;0.6836701;0.6817379;0.5530700385570526;0.819915559887886;Health Care;
RF;-0.24229080003908962;11.317.248.941.556.300;20.491.843;20.444.417;0.5229065030813217;3.550.318.658.351.890;0.70271885;0.701242;0.5860007584095002;0.8252991676330566;Financials;
RSG;-0.7905761456471104;16.036.620.133.045.500;20.770.092;2.069.245;0.5652698546648026;35.871.776.103.973.300;0.76216966;0.7635215;0.6568470567464828;0.8639165252447127;Industrials;
RMD;-0.31972486249736987;2.269.860.537.097.870;20.792.565;20.784.087;0.5926549762487412;36.035.289.645.195.000;0.81095695;0.8148347;0.7264697253704071;0.8829680293798446;Health Care;
RVTY;-0.44947428731539585;7.988.202.972.263.100;20.445.766;20.362.687;0.5414584249258042;3.552.776.074.409.480;0.58803016;0.5843361;0.43301711082458494;0.754481902718544;Health Care;
RHI;0.4288389214304043;12.236.927.888.269.000;20.544.422;20.571.508;0.5515830665826797;3.579.622.292.518.610;0.7217165;0.7216219;0.6086672604084015;0.8374728411436081;Industrials;
ROK;-0.46589520056782063;1.665.881.358.501.430;20.626.152;20.537.925;0.5708300292491914;35.609.225.392.341.600;0.77207196;0.77344763;0.6744463294744492;0.8660475164651871;Industrials;
ROL;-0.5770334979975895;10.813.673.402.896.000;20.486.689;20.579.133;0.5184069722890854;35.791.548.371.315;0.6862441;0.6848632;0.5626845836639405;0.8159178882837296;Industrials;
ROP;-0.321698753783076;11.630.660.665.794.500;20.552.065;20.571.947;0.5368180930614471;3.566.443.121.433.250;0.7074897;0.7062374;0.5930355906486511;0.8272084802389145;Information Technology;
ROST;-0.47465465939369317;20.171.428.693.772.200;20.636.563;2.063.941;0.5475113719701767;357.555.193.901.062;0.79735976;0.80029047;0.7050588428974152;0.8778603166341782;Consumer Discretionary;
RCL;0.16091191127374274;15.333.086.572.733.800;20.698.612;20.709.362;0.5658211499452591;35.682.307.124.137.800;0.76503384;0.76641154;0.664588063955307;0.8613507270812988;Consumer Discretionary;
SPGI;-0.105824137936739;14.065.008.611.409.100;2.051.692;20.487.392;0.5510091066360474;3.574.784.469.604.490;0.7498789;0.7500486;0.647017315030098;0.851660880446434;Financials;
CRM;0.652912850714504;15.730.932.522.550.400;20.701.854;20.635.905;0.5633374750614166;35.990.933.418.273.900;0.768611;0.77050066;0.6650799125432968;0.8660791933536529;Information Technology;
SBAC;0.14668644169921807;679.672.208.493.288;2.053.503;2.050.362;0.5463174998760224;3.569.336.104.393.000;0.5218602;0.5160104;0.3584952637553215;0.7035766988992691;Real Estate;
SLB;-0.2641955123045533;12.390.789.375.556.700;20.723.727;2.066.801;0.5675992250442505;3.595.475.041.866.300;0.7218379;0.720459;0.61268729865551;0.8358396351337433;Energy;
STX;-0.16782349127899762;6.737.865.711.602.630;2.060.245;20.650.592;0.5324054569005967;3.593.482.744.693.750;0.5159467;0.5130915;0.3472708538174629;0.7001951724290847;Information Technology;
SRE;-0.275941061943765;23.985.473.178.371.600;20.686.505;2.057.118;0.5627915233373643;35.739.959.955.215.400;0.81533486;0.8189558;0.7335476905107499;0.8840488642454147;Utilities;
NOW;0.1332795895704715;5.587.885.845.464.670;20.418.372;20.379.682;0.5184354543685913;35.727.104.544.639.500;0.39202347;0.38304994;0.21188268586993217;0.6008037835359573;Information Technology;
SHW;-0.320000482484348;1.581.493.143.011.680;2.081.564;20.860.627;0.5602129936218262;35.957.000.374.794.000;0.7659751;0.7672477;0.6684099435806274;0.8605144768953323;Materials;
SPG;0.134931345526377;27.573.299.432.836.000;20.903.485;20.908.954;0.5905356258153915;35.770.086.765.289.300;0.82786447;0.8316847;0.7569391936063766;0.8867313772439956;Real Estate;
SWKS;0.14911270693569798;8.346.862.641.752.340;20.543.149;20.493.965;0.52560955286026;35.788.967.370.986.900;0.6141413;0.6093677;0.4754628881812096;0.7696143716573715;Information Technology;
SJM;-0.37616583658811825;9.661.242.246.991.640;20.553.172;20.679.605;0.5271601438522339;3.554.911.351.203.910;0.6564254;0.653504;0.5296679943799972;0.7964631587266922;Consumer Staples;
SNA;-0.050748907105202856;9.441.560.147.262.840;20.551.758;20.528.915;0.545627123117447;357.041.996.717.453;0.65626067;0.6526585;0.5299569129943847;0.7969782382249831;Industrials;
SOLV;0.425652598302641;2.057.022.078.397.640;0.77642107;0.5838733;0.28111282289028167;253.613.666.296.005;0.13412578;0.1253601;0.10194567553699016;0.19497221484780305;Health Care;
SO;0.8043961994883596;26.616.403.801.437.200;209.038;20.869.374;0.5884654134511949;35.833.961.129.188.500;0.8253515;0.8294016;0.7515971809625626;0.8863494217395782;Utilities;
LUV;-0.09853330701233991;888.009.961.756.599;2.061.984;2.062.162;0.5453484565019607;35.711.622.118.949.800;0.6349972;0.63221943;0.49932497888803484;0.7826964110136031;Industrials;
SWK;-0.13106090548745794;17.705.993.147.640.400;20.757.575;20.724.874;0.5863693118095398;35.760.065.793.991.000;0.78457546;0.7869803;0.6923388838768005;0.8714340060949325;Industrials;
SBUX;0.23438716321111994;14.822.756.297.448.800;20.685.382;20.697.293;0.5680196732282639;359.323.935.508.728;0.75947344;0.7606578;0.6590941965579986;0.8576106458902358;Consumer Discretionary;
STT;0.0690678586633825;13.989.160.946.529.100;20.588.396;2.046.815;0.5464895755052567;35.587.718.367.576.500;0.7492837;0.7493062;0.6450600981712341;0.8537419468164443;Financials;
STLD;0.0755583244176819;9.609.856.519.923.280;20.490.203;2.047.019;0.5549789696931839;35.366.987.228.393.500;0.66172606;0.6586045;0.5343302667140961;0.8010063320398328;Materials;
STE;-0.34862305160026213;9.909.928.503.801.840;20.684.574;20.656.493;0.5538006335496903;3.592.137.575.149.530;0.6641154;0.6618175;0.5377517819404602;0.8003760308027267;Health Care;
SYK;-0.007890008136174399;12.922.440.705.846.100;20.642.557;20.592.568;0.5559909075498581;35.945.839.047.431.900;0.73347783;0.7332281;0.6278160363435745;0.8432289898395539;Health Care;
SMCI;0.7578398345643597;23.177.226.175.355.100;20.794.976;20.652.678;0.578846749663353;3.589.743.995.666.500;0.8152011;0.8186273;0.7346745699644088;0.8838403552770614;Information Technology;
SYF;-0.48109373721237386;14.709.942.049.663.400;20.690.079;20.619.671;0.5518750786781311;3.583.349.061.012.260;0.75398767;0.75463986;0.6509389966726303;0.8572232455015182;Financials;
SNPS;0.12880378391888223;6.634.187.144.343.360;2.046.094;20.440.395;0.5446976125240326;35.539.824.366.569.500;0.50806016;0.5028917;0.3415029853582382;0.6954583853483198;Information Technology;
SYY;0.13266747458685305;26.318.870.157.561.600;20.804.648;20.728.836;0.582125985622406;36.063.699.483.871.400;0.8242697;0.8285781;0.7484672933816909;0.8864935636520386;Consumer Staples;
TMUS;0.38004109417341253;11.339.466.621.659.200;2.061.458;20.707.417;0.5601682156324387;35.725.541.949.272.100;0.7042358;0.7021935;0.5871465116739273;0.8296230673789978;Communication Services;
TROW;0.3911243393509991;12.015.762.692.313.300;20.529.172;20.368.335;0.5640539854764939;35.692.431.926.727.200;0.71914285;0.7184968;0.6049009025096893;0.8362549811601638;Financials;
TTWO;-0.3445223743164514;8.405.849.870.016.510;20.460.267;20.334.349;0.5373719215393067;3.573.850.739.002.220;0.6125885;0.60945404;0.47120207995176316;0.764641174674034;Communication Services;
TPR;-0.30369133580704044;188.167.453.856.986;20.703.847;20.661.483;0.5525651037693023;358.388.431.072.235;0.79102844;0.79344213;0.6994779616594314;0.8754113256931305;Consumer Discretionary;
TRGP;-25.748.085.074.058.400;5.586.431.598.525.190;20.642.233;2.056.127;0.5766483694314957;35.635.430.097.579.900;0.8476578;0.8499162;0.7973914027214051;0.8904567509889603;Energy;
TGT;0.0684515027327858;2.768.213.994.729.130;2.082.882;207.652;0.575578898191452;3.587.807.238.101.950;0.82822126;0.83151215;0.7551276177167893;0.887410220503807;Consumer Staples;
TEL;-0.42940037320897684;106.311.677.840.191;20.531.206;20.623.684;0.5424743294715881;3.573.248.875.141.140;0.68301445;0.68179035;0.5614829957485199;0.809989708662033;Information Technology;
TDY;-12.204.982.224.964.100;22.068.152.369.827.900;20.974.617;21.047.363;0.6012388914823532;36.019.214.272.499.000;0.7987828;0.8028271;0.705055096745491;0.8813211232423782;Information Technology;
TFX;-0.040626311484962305;874.484.850.420.422;2.049.863;20.445.719;0.5336824357509613;35.643.353.581.428.500;0.6301852;0.6264641;0.49543740004301073;0.7774396121501921;Health Care;
TER;-0.04300367604075238;9.958.516.489.101.610;20.654.926;20.550.013;0.5467615753412247;3.566.513.705.253.600;0.670709;0.6678496;0.5461998611688614;0.8022862792015074;Information Technology;
TSLA;0.20738245971587976;6.455.585.065.655.240;20.408.242;20.385.091;0.5405616670846939;3.551.579.988.002.770;0.49014145;0.48304713;0.32385338842868805;0.6826132893562316;Consumer Discretionary;
TXN;0.03217247252636049;7.090.820.939.058.550;2.051.963;2.060.439;0.5254673004150391;35.656.282.186.508.100;0.54486704;0.53943384;0.3871946483850479;0.722271379828453;Information Technology;
TXT;-0.008968879006767799;12.366.345.070.046.200;20.596.595;2.051.374;0.5579070687294007;35.769.436.717.033.300;0.7252285;0.7243595;0.6174901098012924;0.8356950223445893;Industrials;
TMO;0.008476869189409117;6.112.480.206.801.870;20.624.402;20.739.083;0.5089854031801224;3.589.467.394.351.950;0.4571543;0.45067886;0.28092605620622635;0.6596899539232253;Health Care;
TJX;-0.3605538313080605;1.760.081.814.019.030;20.655.816;20.602.665;0.5732409447431565;3.562.872.350.215.910;0.782065;0.7843485;0.6867186069488526;0.8703629434108733;Consumer Discretionary;
TSCO;-0.429649944590355;8.055.416.582.379.310;2.047.689;20.546.699;0.5235306441783906;35.678.900.003.433.200;0.5928745;0.5907345;0.44151379019021986;0.7544366449117661;Consumer Discretionary;
TT;0.14218850894348453;9.202.767.362.432.610;20.587.487;20.691.743;0.53585304915905;3.573.186.194.896.690;0.6482432;0.6442751;0.5174674987792969;0.7901605576276779;Industrials;
TDG;0.24232307213421864;22.513.548.803.460.000;20.772.264;20.760.756;0.5486550897359849;36.042.767.882.347.100;0.81214815;0.81605935;0.7292531669139862;0.8820515036582947;Industrials;
TRV;-14.704.827.664.099.900;257.617.712.805.017;2.084.022;2.087.849;0.5760527044534683;3.570.707.619.190.210;0.81226104;0.816794;0.7245209395885468;0.8847764074802398;Financials;
TRMB;-0.12338248642956512;13.122.236.652.109.000;20.633.411;20.559.752;0.5633536010980608;36.026.435.613.632.200;0.73585534;0.73507404;0.6314335703849793;0.8433175653219223;Information Technology;
TFC;-0.2538811775471633;12.981.447.686.557.400;2.061.522;20.519.412;0.5505005180835724;35.818.484.783.172.600;0.7319388;0.73174477;0.62592933177948;0.8406533658504486;Financials;
TYL;-0.08177965622785055;7.533.629.860.598.360;20.460.224;2.045.824;0.5214836239814759;35.962.952.852.249.100;0.5713104;0.5660801;0.42278673201799394;0.7393616199493406;Information Technology;
TSN;0.2813532636076464;24.563.814.515.891.100;20.792.022;20.762.153;0.5855540573596955;3.579.248.261.451.720;0.82035244;0.82369256;0.7426527738571167;0.8850489467382431;Consumer Staples;
USB;0.1250577381518375;11.970.977.500.097.000;20.590.134;2.065.587;0.5406088143587112;35.977.734.923.362.700;0.7175194;0.71612895;0.6082849413156509;0.8341425985097884;Financials;
UBER;12.076.433.211.591.900;17.669.379.292.086.700;20.910.459;20.931.869;0.5965377539396286;35.841.010.808.944.600;0.7806766;0.78369236;0.6752193748950959;0.8747094631195068;Industrials;
UDR;-0.12222243259271033;14.835.822.863.751.000;2.079.008;20.739.553;0.570772197842598;3.598.544.752.597.800;0.7568711;0.75699115;0.6586191296577454;0.8571039348840713;Real Estate;
ULTA;-0.7018412612185871;27.805.965.298.179.400;20.985.427;20.981.863;0.5923912465572357;36.017.428.874.969.400;0.8247404;0.8286056;0.7471017479896546;0.8877688676118851;Consumer Discretionary;
UNP;0.012133479822512021;12.744.548.125.071.500;2.049.709;20.418.506;0.5493280470371247;35.610.410.928.726.100;0.73097664;0.7296031;0.6233094066381455;0.8426248639822006;Industrials;
UAL;0.09765120186524144;14.991.736.610.945.200;20.841.815;20.802.996;0.5737841665744782;3.580.714.499.950.400;0.7607735;0.7613481;0.6614214569330216;0.8597559064626693;Industrials;
UPS;0.5634237246073761;121.386.848.244.621;2.052.575;20.437.245;0.5591417580842972;3.573.835.718.631.740;0.7193873;0.71907854;0.6025953680276871;0.8382872968912124;Industrials;
URI;0.03554934799526463;8.499.925.784.692.570;20.455.463;20.389.051;0.5176764607429505;3.578.671.562.671.660;0.62361276;0.6193002;0.48481020480394366;0.7766558855772019;Industrials;
UNH;-0.06920739302049793;15.322.787.974.443.300;20.626.202;2.057.279;0.5591044634580612;35.700.209.736.824.000;0.76372194;0.76422656;0.6640293598175049;0.8584689944982529;Health Care;
UHS;0.11943931801405584;2.341.677.344.164.050;2.082.585;20.827.127;0.551413607597351;3.581.013.941.764.830;0.81616414;0.8193938;0.736478516459465;0.8839033007621765;Health Care;
VLO;0.7355335113167129;17.109.452.304.202.200;2.076.239;20.749.826;0.5777574300765991;3.580.111.861.228.940;0.7800747;0.781559;0.6821225136518478;0.8710103303194046;Energy;
VTR;-0.8845522069792036;3.274.917.773.551.120;20.681.093;20.647.721;0.5463811427354812;35.852.083.444.595.300;0.83467615;0.8389932;0.7622517645359039;0.8907842695713043;Real Estate;
VLTO;-0.06135560952058363;3.372.403.261.455.170;18.135.879;16.840.279;0.35482734739780425;35.387.803.316.116.300;0.15370928;0.13760465;0.10304309576749801;0.26397367715835557;Industrials;
VRSN;0.398004885863456;16.743.053.247.848.000;2.072.872;20.694.387;0.5580236613750458;35.827.531.099.319.400;0.7784076;0.7800235;0.6831060767173767;0.8690120369195938;Information Technology;
VRSK;-0.19337865513434174;13.649.419.977.044.700;20.690.362;20.621.464;0.5689752042293549;3.584.478.664.398.190;0.7421208;0.7427721;0.6377987504005432;0.8467286109924316;Industrials;
VZ;0.1829865556958048;9.094.324.303.195.160;20.383.124;2.025.896;0.516318854689598;3.582.620.906.829.830;0.6450158;0.64121157;0.513347840309143;0.7900109827518463;Communication Services;
VRTX;-0.2423128334655873;15.727.573.514.445.400;20.695.624;20.723.743;0.5460457593202591;35.939.947.485.923.700;0.7658159;0.7670568;0.666830626130104;0.860929188132286;Health Care;
VTRS;-106.889.813.052.066;19.965.547.202.993.600;2.087.523;20.994.792;0.5663326054811477;35.973.463.535.308.800;0.78873485;0.7915682;0.6897881865501404;0.8768487334251404;Health Care;
VICI;-2.076.363.030.836.740;4.301.043.648.177.080;20.554.423;2.048.098;0.5479121118783952;35.707.030.296.325.600;0.83963895;0.8429036;0.7796111583709717;0.8894200474023819;Real Estate;
V;0.22949180469586944;12.567.382.417.280.100;20.597.403;2.053.194;0.5396961838006974;3.574.797.046.184.530;0.7285455;0.7275597;0.6204462289810181;0.8397645443677902;Financials;
VMC;0.3426063821755383;15.848.048.020.153.700;20.729.566;2.066.071;0.5962981700897216;35.881.692.886.352.500;0.77107656;0.772513;0.6739134430885315;0.8640225112438201;Materials;
WRB;-0.23550085844418386;15.365.624.081.296.200;20.691.593;20.656.104;0.5694501072168351;3.571.125.745.773.310;0.7629827;0.76330554;0.6646132737398147;0.8599016755819321;Financials;
WAB;-0.3192332165570314;10.639.175.023.049.900;20.553.658;20.609.326;0.5360846191644669;3.565.769.350.528.710;0.68642133;0.6841149;0.5689296275377274;0.8142995685338974;Industrials;
WBA;-0.2805249718967002;784.926.874.309.934;20.409.253;20.350.385;0.5118031293153764;356.738.896.369.934;0.58696765;0.5836601;0.43622006177902223;0.7496470570564269;Consumer Staples;
WMT;-0.09500743536330572;1.791.998.362.570.970;20.643.032;20.585.513;0.5676739603281021;35.892.893.433.570.800;0.78608;0.788211;0.6929103791713714;0.8718074411153793;Consumer Staples;
DIS;0.46710551393182664;12.479.150.193.726.600;20.769.386;20.758.643;0.558888339996338;3.591.811.883.449.550;0.72635114;0.7252791;0.6120289981365203;0.8431238144636154;Communication Services;
WBD;-0.6029263604849279;9.459.058.285.869.840;20.563.788;2.049.252;0.532260674238205;3.577.437.806.129.450;0.6448287;0.6430893;0.5053077936172485;0.7910213530063629;Communication Services;
WM;-0.2320023112754853;14.072.105.025.513.800;20.622.723;20.605.392;0.5573147743940353;3.584.902.858.734.130;0.74840313;0.74896145;0.6456554621458054;0.8518224000930786;Industrials;
WAT;0.1635932839507538;9.008.037.818.970.390;20.639.434;20.520.678;0.5489666730165482;35.698.445.677.757.200;0.6417071;0.6380719;0.5101031422615051;0.7866387397050857;Health Care;
WEC;-0.7568941796094897;25.002.411.673.247.400;20.871.956;20.889.854;0.5957786351442338;3.605.057.263.374.320;0.8151314;0.81934565;0.7301206231117249;0.8842893809080123;Utilities;
WFC;-0.012635517799945782;10.356.686.083.629.400;20.604.553;2.067.206;0.563079422712326;3.551.331.949.234.000;0.68186134;0.6788726;0.5630727767944336;0.8088998466730117;Financials;
WELL;0.12387330545110177;28.201.214.934.382.500;20.903.761;2.087.261;0.5948223888874055;35.810.527.086.257.900;0.8294907;0.8329084;0.7586618959903717;0.8883983522653579;Real Estate;
WST;-0.06373214074014925;10.206.886.369.916.200;20.506.546;20.504.994;0.543617805838585;3.559.515.345.096.580;0.67799693;0.6765325;0.5579576015472412;0.8072156190872192;Health Care;
WDC;-0.34665358002884966;8.390.312.167.129.400;2.057.614;206.404;0.5314762324094773;3.571.772.718.429.560;0.6097252;0.60552764;0.46893504410982134;0.763477948307991;Information Technology;
WRK;-0.16152114449076846;10.310.481.722.913.700;20.425.925;20.392.497;0.5454303741455079;3.557.102.763.652.800;0.68036455;0.6772319;0.5597896784543991;0.8110651165246964;Materials;
WY;-0.004025752183803878;27.428.221.323.158.200;20.951.407;21.048.176;0.5930020362138748;3.582.015.740.871.420;0.82735693;0.8316425;0.7543268889188767;0.8875756800174713;Real Estate;
WMB;-0.32249951504289387;27.831.800.900.936.800;20.928.433;20.904.937;0.578654995560646;35.926.651.358.604.400;0.8266715;0.83052486;0.751859974861145;0.8876943916082382;Energy;
WTW;0.10878498830240088;14.085.545.123.528.300;20.475.845;2.048.016;0.526676219701767;35.775.530.099.868.700;0.7510539;0.75143504;0.6483642935752869;0.8530706763267517;Financials;
GWW;0.677260513147871;16.276.811.564.192.600;20.589.933;20.600.545;0.5791701793670654;3.540.684.187.412.260;0.77339804;0.7754007;0.6734255164861679;0.8670862615108489;Industrials;
WYNN;0.25819663407636384;11.207.961.742.424.700;20.616.364;20.660.007;0.5765431135892868;35.774.104.595.184.300;0.7028761;0.7006116;0.5861618012189865;0.8256520569324494;Consumer Discretionary;
XEL;-0.4638187185854218;14.443.682.493.720.600;20.741.444;207.802;0.5552714586257935;35.877.931.952.476.400;0.74903506;0.7487737;0.6448610872030258;0.8524936407804489;Utilities;
XYL;-0.09350272882675482;9.285.618.105.570.850;20.449.328;2.044.361;0.5277036339044571;35.436.183.691.024.700;0.6499949;0.6457017;0.5227749764919281;0.7909366756677627;Industrials;
YUM;17.452.252.057.330.500;40.549.983.693.915.500;2.084.075;20.872.855;0.5944990009069443;3.579.329.431.056.970;0.84519905;0.8485596;0.7877194434404373;0.891462367773056;Consumer Discretionary;
ZBRA;0.07655175272781314;9.886.592.372.377.760;2.057.398;20.398.989;0.5635882198810578;35.757.605.910.301.200;0.670467;0.66759574;0.5483374804258346;0.8027563333511353;Information Technology;
ZBH;0.4702797424009208;11.876.135.962.031.600;2.059.591;20.486.305;0.5539710253477097;35.919.002.175.331.100;0.71517116;0.7136214;0.5996729165315628;0.8374949693679808;Health Care;
ZTS;-0.21734356449616746;11.087.137.059.376.100;20.398.495;20.437.152;0.5284939348697663;35.634.477.496.147.100;0.69882745;0.6965755;0.5839762479066849;0.8210597485303879;Health Care;